"Station Name","SUDBURY"
"Province","ONTARIO"
"Latitude","46.48"
"Longitude","-80.98"
"Elevation","259.10"
"Climate Identifier","6068148"
"WMO Identifier",""
"TC Identifier",""

"Legend"
"B","More than one occurrence and estimated"
"E","Estimated"
"M","Missing"
"S","More than one occurrence"
"T","Trace"
"[empty]","No data available"
"^","The value displayed is based on incomplete data"

"Date/Time","Year","Month","Mean Max Temp (°C)","Mean Max Temp Flag","Mean Min Temp (°C)","Mean Min Temp Flag","Mean Temp (°C)","Mean Temp Flag","Extr Max Temp (°C)","Extr Max Temp Flag","Extr Min Temp (°C)","Extr Min Temp Flag","Total Rain (mm)","Total Rain Flag","Total Snow (cm)","Total Snow Flag","Total Precip (mm)","Total Precip Flag","Snow Grnd Last Day (cm)","Snow Grnd Last Day Flag","Dir of Max Gust (10's deg)","Dir of Max Gust Flag","Spd of Max Gust (km/h)","Spd of Max Gust Flag"
"1914-01","1914","01","","","","","","","","","","","","M","","M","","M","","",,"",,""
"1914-02","1914","02","","","","","","","","","","","","M","","M","","M","","",,"",,""
"1914-03","1914","03","","","","","","","","","","","","M","","M","","M","","",,"",,""
"1914-04","1914","04","","","","","","","","","","","","M","","M","","M","","",,"",,""
"1914-05","1914","05","","","","","","","","","","","","M","","M","","M","","",,"",,""
"1914-06","1914","06","","","","","","","","","","","","M","","M","","M","","",,"",,""
"1914-07","1914","07","","","","","","","","","","","","M","","M","","M","","",,"",,""
"1914-08","1914","08","","","","","","","","","","","61.7","","0.0","","61.7","","","",,"",,""
"1914-09","1914","09","","","","","","","","","","","85.6","","0.0","","85.6","","","",,"",,""
"1914-10","1914","10","","","","","","","","","","","67.6","","0.3","","67.8","","","",,"",,""
"1914-11","1914","11","","","","","","","","","","","40.4","","56.6","","97.0","","","",,"",,""
"1914-12","1914","12","","","","","","","","","","","3.3","","43.2","","46.5","","","",,"",,""
"1915-01","1915","01","","","","","","","","","","","23.6","","10.9","","34.5","","","",,"",,""
"1915-02","1915","02","","","","","","","","","","","9.7","","11.7","","21.3","","","",,"",,""
"1915-03","1915","03","","","","","","","","","","","0.8","","0.8","","1.5","","","",,"",,""
"1915-04","1915","04","","","","","","","","","","","47.2","","0.0","T","47.2","","","",,"",,""
"1915-05","1915","05","","","","","","","","","","","71.1","","0.0","","71.1","","","",,"",,""
"1915-06","1915","06","","","","","","","","","","","69.3","","0.0","","69.3","","","",,"",,""
"1915-07","1915","07","","","","","","","","","","","38.1","","0.0","","38.1","","","",,"",,""
"1915-08","1915","08","","","","","","","","","","","106.2","","0.0","","106.2","","","",,"",,""
"1915-09","1915","09","","","","","","","","","","","124.7","","0.0","","124.7","","","",,"",,""
"1915-10","1915","10","","","","","","","","","","","60.5","","0.0","","60.5","","","",,"",,""
"1915-11","1915","11","","","","","","","","","","","66.3","","8.4","","74.7","","","",,"",,""
"1915-12","1915","12","","","","","","","","","","","0.0","","22.1","","22.1","","","",,"",,""
"1916-01","1916","01","","","","","","","","","","","35.3","","26.7","","62.0","","","",,"",,""
"1916-02","1916","02","","","","","","","","","","","0.0","","11.4","","11.4","","","",,"",,""
"1916-03","1916","03","","","","","","","","","","","41.7","","21.1","","62.7","","","",,"",,""
"1916-04","1916","04","","","","","","","","","","","73.7","","2.8","","76.5","","","",,"",,""
"1916-05","1916","05","","","","","","","","","","","75.7","","0.0","","75.7","","","",,"",,""
"1916-06","1916","06","","","","","","","","","","","63.5","","0.0","","63.5","","","",,"",,""
"1916-07","1916","07","","","","","","","","","","","28.2","","0.0","","28.2","","","",,"",,""
"1916-08","1916","08","","","","","","","","","","","68.3","","0.0","","68.3","","","",,"",,""
"1916-09","1916","09","","","","","","","","","","","119.9","","0.0","T","119.9","","","",,"",,""
"1916-10","1916","10","","","","","","","","","","","101.6","","0.0","T","101.6","","","",,"",,""
"1916-11","1916","11","","","","","","","","","","","61.7","","5.3","","67.1","","","",,"",,""
"1916-12","1916","12","","","","","","","","","","","24.6","","28.4","","53.1","","","",,"",,""
"1917-01","1917","01","","","","","","","","","","","2.5","","16.5","","19.1","","","",,"",,""
"1917-02","1917","02","","","","","","","","","","","0.0","","27.2","","27.2","","","",,"",,""
"1917-03","1917","03","","","","","","","","","","","45.2","","58.4","","103.6","","","",,"",,""
"1917-04","1917","04","","","","","","","","","","","38.9","","0.0","","38.9","","","",,"",,""
"1917-05","1917","05","","","","","","","","","","","77.7","","0.0","","77.7","","","",,"",,""
"1917-06","1917","06","","","","","","","","","","","113.8","","0.0","","113.8","","","",,"",,""
"1917-07","1917","07","","","","","","","","","","","101.6","","0.0","","101.6","","","",,"",,""
"1917-08","1917","08","","","","","","","","","","","77.7","","0.0","","77.7","","","",,"",,""
"1917-09","1917","09","","","","","","","","","","","45.7","","0.0","","45.7","","","",,"",,""
"1917-10","1917","10","","","","","","","","","","","102.4","","0.0","T","102.4","","","",,"",,""
"1917-11","1917","11","","","","","","","","","","","3.6","","18.5","","22.1","","","",,"",,""
"1917-12","1917","12","","","","","","","","","","","12.7","","36.1","","48.8","","","",,"",,""
"1918-01","1918","01","","M","","M","","M","","M","","M","0.0","","26.9","","26.9","","","",,"",,""
"1918-02","1918","02","","M","","M","","M","","M","","M","11.4","","51.8","","63.2","","","",,"",,""
"1918-03","1918","03","","M","","M","","M","","M","","M","0.8","","11.4","","12.2","","","",,"",,""
"1918-04","1918","04","","M","","M","","M","","M","","M","20.1","","0.0","T","20.1","","","",,"",,""
"1918-05","1918","05","","M","","M","","M","","M","","M","96.3","","0.0","","96.3","","","",,"",,""
"1918-06","1918","06","19.8","","7.7","","13.8","","26.1","","2.2","","72.9","","0.0","","72.9","","","",,"",,""
"1918-07","1918","07","24.9","","12.3","","18.6","","32.2","","5.0","","63.2","","0.0","","63.2","","","",,"",,""
"1918-08","1918","08","23.3","","10.9","","17.1","","31.1","","2.2","","98.0","","0.0","","98.0","","","",,"",,""
"1918-09","1918","09","14.7","","4.3","","9.5","","21.7","","-0.6","","92.7","","0.0","T","92.7","","","",,"",,""
"1918-10","1918","10","11.0","","2.7","","6.9","","20.6","","-3.9","","122.4","","2.5","","125.0","","","",,"",,""
"1918-11","1918","11","5.6","","-2.1","","1.8","","13.9","","-11.1","S","71.9","","3.8","","75.7","","","",,"",,""
"1918-12","1918","12","-2.8","","-11.5","","-7.2","","10.0","","-19.4","","19.8","","21.1","","40.9","","","",,"",,""
"1919-01","1919","01","-4.5","","-15.3","","-9.9","","2.2","","-34.4","S","0.8","","48.0","","48.8","","","",,"",,""
"1919-02","1919","02","-3.7","","-15.3","","-9.5","","1.1","","-30.0","","0.0","","33.5","","33.5","","","",,"",,""
"1919-03","1919","03","1.1","","-10.5","","-4.7","","9.4","","-27.8","","65.0","","14.7","","79.8","","","",,"",,""
"1919-04","1919","04","7.7","","-2.9","","2.4","","15.6","S","-18.9","","50.5","","19.3","","69.9","","","",,"",,""
"1919-05","1919","05","17.6","","5.4","","11.5","","31.7","","-2.8","","77.2","","0.0","T","77.2","","","",,"",,""
"1919-06","1919","06","26.8","","13.7","","20.3","","32.8","","3.3","","75.9","","0.0","","75.9","","","",,"",,""
"1919-07","1919","07","27.2","","12.4","","19.8","","34.4","","6.1","S","29.7","","0.0","","29.7","","","",,"",,""
"1919-08","1919","08","22.7","","11.4","","17.1","","31.7","","4.4","S","82.8","","0.0","","82.8","","","",,"",,""
"1919-09","1919","09","18.6","","7.9","","13.3","","28.9","","0.0","","104.9","","0.0","","104.9","","","",,"",,""
"1919-10","1919","10","10.2","","1.7","","6.0","","21.1","","-6.7","","84.6","","17.3","","101.9","","","",,"",,""
"1919-11","1919","11","1.3","","-6.3","","-2.5","","10.6","","-22.2","","59.9","","22.6","","82.6","","","",,"",,""
"1919-12","1919","12","-6.9","","-18.4","","-12.7","","2.2","","-33.3","","1.3","","42.7","","43.9","","","",,"",,""
"1920-01","1920","01","-11.7","","-27.5","","-19.6","","-1.1","S","-40.0","S","0.0","","41.9","","41.9","","","",,"",,""
"1920-02","1920","02","-6.4","","-20.7","","-13.6","","-0.6","S","-33.3","","0.0","","25.4","","25.4","","","",,"",,""
"1920-03","1920","03","1.8","","-10.4","","-4.3","","13.9","","-30.0","","26.7","","30.7","","57.4","","","",,"",,""
"1920-04","1920","04","7.3","","-2.6","","2.4","","16.1","","-12.2","","80.0","","13.7","","93.7","","","",,"",,""
"1920-05","1920","05","17.4","","3.7","","10.6","","26.7","","-2.2","","22.1","","0.0","T","22.1","","","",,"",,""
"1920-06","1920","06","23.5","","10.2","","16.9","","30.0","","3.9","S","75.4","","0.0","","75.4","","","",,"",,""
"1920-07","1920","07","22.6","","11.2","","16.9","","27.8","","5.6","S","49.8","","0.0","","49.8","","","",,"",,""
"1920-08","1920","08","25.6","","11.9","","18.8","","30.0","","3.3","","70.9","","0.0","","70.9","","","",,"",,""
"1920-09","1920","09","21.2","","7.9","","14.6","","28.3","S","-2.8","","41.7","","0.0","","41.7","","","",,"",,""
"1920-10","1920","10","15.9","","5.0","","10.5","","25.0","","-4.4","","38.6","","1.3","","39.9","","","",,"",,""
"1920-11","1920","11","1.1","","-4.9","","-1.9","","6.1","S","-15.6","","32.8","","8.4","","41.1","","","",,"",,""
"1920-12","1920","12","-4.1","","-11.6","","-7.9","","6.7","","-35.0","","50.3","","57.2","","107.4","","","",,"",,""
"1921-01","1921","01","-4.6","","-15.3","","-10.0","","5.0","","-34.4","","14.0","","11.7","","25.7","","","",,"",,""
"1921-02","1921","02","-3.4","","-15.2","","-9.3","","9.4","","-28.9","","0.0","","24.1","","24.1","","","",,"",,""
"1921-03","1921","03","1.9","","-6.9","","-2.5","","12.2","","-15.6","","59.7","","19.6","","79.2","","","",,"",,""
"1921-04","1921","04","13.4","","-0.8","","6.3","","25.6","","-10.6","S","73.4","","0.0","","73.4","","","",,"",,""
"1921-05","1921","05","19.3","","6.5","","12.9","","29.4","S","-1.1","S","31.0","","2.0","","33.0","","","",,"",,""
"1921-06","1921","06","25.8","","10.3","","18.1","","31.7","","1.7","","89.2","","0.0","","89.2","","","",,"",,""
"1921-07","1921","07","30.3","","16.1","","23.2","","37.2","S","8.9","","43.9","","0.0","","43.9","","","",,"",,""
"1921-08","1921","08","22.8","","11.1","","17.0","","28.3","S","5.0","","33.8","","0.0","","33.8","","","",,"",,""
"1921-09","1921","09","22.2","","10.2","","16.2","","30.0","S","2.2","","79.0","","0.0","","79.0","","","",,"",,""
"1921-10","1921","10","11.2","","2.7","","7.0","","17.2","S","-3.3","","31.0","","0.0","","31.0","","","",,"",,""
"1921-11","1921","11","-0.2","","-7.1","","-3.7","","11.1","","-15.6","","34.0","","34.8","","68.8","","","",,"",,""
"1921-12","1921","12","-3.1","","-14.7","","-8.9","","7.2","","-39.4","","38.6","","43.4","","82.0","","","",,"",,""
"1922-01","1922","01","-7.1","","-20.5","","-13.8","","1.1","","-36.7","","0.0","","24.1","","24.1","","","",,"",,""
"1922-02","1922","02","-5.1","","-18.4","","-11.8","","2.2","","-36.7","","0.0","","55.6","","55.6","","","",,"",,""
"1922-03","1922","03","2.1","","-10.1","","-4.0","","7.8","","-27.8","","7.1","","12.7","","19.8","","","",,"",,""
"1922-04","1922","04","8.4","","-1.6","","3.4","","15.0","","-11.1","","118.4","","16.5","","134.9","","","",,"",,""
"1922-05","1922","05","21.3","","7.2","","14.3","","27.2","","-3.3","","36.1","","0.0","","36.1","","","",,"",,""
"1922-06","1922","06","23.6","","9.1","","16.4","","30.6","","0.6","","34.3","","0.0","","34.3","","","",,"",,""
"1922-07","1922","07","23.8","","11.7","","17.8","","27.2","","6.1","","109.2","","0.0","","109.2","","","",,"",,""
"1922-08","1922","08","24.3","","10.8","","17.6","","31.7","S","3.9","","31.5","","0.0","","31.5","","","",,"",,""
"1922-09","1922","09","21.2","","8.1","","14.7","","27.2","S","-1.7","","24.4","","0.0","","24.4","","","",,"",,""
"1922-10","1922","10","9.9","","0.2","","5.1","","26.7","","-11.1","","84.3","","3.8","","88.1","","","",,"",,""
"1922-11","1922","11","3.5","","-3.6","","-0.1","","10.6","","-14.4","","47.0","","12.7","","59.7","","","",,"",,""
"1922-12","1922","12","-4.7","","-14.4","","-9.6","","8.3","","-26.1","S","15.0","","27.9","","42.9","","","",,"",,""
"1923-01","1923","01","-7.5","","-20.1","","-13.8","","2.8","S","-35.6","","0.0","","29.2","","29.2","","","",,"",,""
"1923-02","1923","02","-8.2","","-22.2","","-15.2","","0.6","","-40.0","","0.0","","29.7","","29.7","","","",,"",,""
"1923-03","1923","03","-4.3","","-17.2","","-10.8","","6.7","","-32.2","","6.9","","39.1","","46.0","","","",,"",,""
"1923-04","1923","04","6.1","","-6.8","","-0.4","","19.4","","-27.8","","10.7","","101.3","","112.0","","","",,"",,""
"1923-05","1923","05","17.4","","1.6","","9.5","","28.9","","-7.2","","34.3","","0.3","","34.5","","","",,"",,""
"1923-06","1923","06","24.4","","10.1","","17.3","","30.6","","2.8","","80.8","","0.0","","80.8","","","",,"",,""
"1923-07","1923","07","26.1","","11.9","","19.0","","31.7","","7.2","","75.2","","0.0","","75.2","","","",,"",,""
"1923-08","1923","08","22.3","","9.7","","16.0","","27.8","","2.8","","93.0","","0.0","","93.0","","","",,"",,""
"1923-09","1923","09","19.4","","7.6","","13.5","","26.7","","-1.7","","68.6","","0.0","","68.6","","","",,"",,""
"1923-10","1923","10","11.9","","1.4","","6.7","","20.0","","-6.7","","32.3","","4.8","","37.1","","","",,"",,""
"1923-11","1923","11","3.6","","-3.9","","-0.2","","11.1","","-11.7","","14.7","","5.3","","20.1","","","",,"",,""
"1923-12","1923","12","0.1","","-6.1","","-3.0","","7.2","","-18.9","","15.7","","28.4","","44.2","","","",,"",,""
"1924-01","1924","01","-8.7","","-22.5","","-15.6","","4.4","","-40.6","","0.0","","91.4","","91.4","","","",,"",,""
"1924-02","1924","02","-7.0","","-21.2","","-14.1","","1.1","S","-31.7","","0.0","","35.6","","35.6","","","",,"",,""
"1924-03","1924","03","0.8","","-8.2","","-3.7","","7.2","","-23.3","","3.8","","21.6","","25.4","","","",,"",,""
"1924-04","1924","04","8.9","","-3.0","","3.0","","21.7","","-20.6","","11.9","","3.3","","15.2","","","",,"",,""
"1924-05","1924","05","14.4","","2.0","","8.2","","20.0","S","-3.9","S","17.0","","0.8","","17.8","","","",,"",,""
"1924-06","1924","06","21.9","","8.1","","15.0","","26.7","S","1.7","","63.5","","0.0","","63.5","","","",,"",,""
"1924-07","1924","07","23.4","","11.1","","17.3","","28.3","","4.4","","106.9","","0.0","","106.9","","","",,"",,""
"1924-08","1924","08","22.4","","10.8","","16.6","","28.9","S","4.4","","70.4","","0.0","","70.4","","","",,"",,""
"1924-09","1924","09","17.1","","5.9","","11.5","","25.0","","-0.6","","55.4","","0.0","T","55.4","","","",,"",,""
"1924-10","1924","10","14.7","","1.7","","8.2","","19.4","","-7.2","","23.9","","0.0","","23.9","","","",,"",,""
"1924-11","1924","11","3.1","","-4.9","","-0.9","","12.8","S","-17.8","","81.5","","14.2","","95.8","","","",,"",,""
"1924-12","1924","12","-7.5","","-18.3","","-12.9","","3.9","","-38.3","","25.1","","36.8","","62.0","","","",,"",,""
"1925-01","1925","01","-8.3","","-21.3","","-14.8","","0.0","S","-36.7","","0.0","","30.5","","30.5","","","",,"",,""
"1925-02","1925","02","-3.9","","-13.9","","-8.9","","6.7","","-32.8","","23.6","","20.8","","44.5","","","",,"",,""
"1925-03","1925","03","0.6","","-9.7","","-4.6","","8.9","S","-25.0","","18.8","","24.1","","42.9","","","",,"",,""
"1925-04","1925","04","11.4","","-1.6","","4.9","","22.8","","-10.6","","0.8","","16.8","","17.5","","","",,"",,""
"1925-05","1925","05","13.8","","1.6","","7.7","","25.6","","-5.0","","39.4","","11.9","","51.3","","","",,"",,""
"1925-06","1925","06","22.3","","10.2","","16.3","","32.2","","1.7","","64.3","","0.0","","64.3","","","",,"",,""
"1925-07","1925","07","22.9","","10.8","","16.9","","26.7","","6.1","","70.6","","0.0","","70.6","","","",,"",,""
"1925-08","1925","08","26.7","","11.6","","19.2","","31.7","","2.8","","1.3","","0.0","","1.3","","","",,"",,""
"1925-09","1925","09","18.6","","7.4","","13.0","","27.2","","-1.1","S","105.2","","0.0","","105.2","","","",,"",,""
"1925-10","1925","10","6.1","","-1.8","","2.2","","15.0","","-13.9","","41.1","","16.5","","57.7","","","",,"",,""
"1925-11","1925","11","2.6","","-5.1","","-1.3","","9.4","","-18.9","S","40.9","","13.5","","54.4","","","",,"",,""
"1925-12","1925","12","-4.4","","-12.4","","-8.4","","8.3","","-31.1","","23.4","","11.4","","34.8","","","",,"",,""
"1926-01","1926","01","-5.4","","-16.9","","-11.2","","3.3","","-37.2","","7.9","","31.2","","39.1","","","",,"",,""
"1926-02","1926","02","-5.5","","-18.4","","-12.0","","1.7","","-32.8","","0.0","","15.2","","15.2","","","",,"",,""
"1926-03","1926","03","-3.1","","-15.4","","-9.3","","6.7","","-32.2","","0.0","","52.1","","52.1","","","",,"",,""
"1926-04","1926","04","5.9","","-5.9","","0.0","","15.6","","-16.7","","18.5","","16.5","","35.1","","","",,"",,""
"1926-05","1926","05","16.8","","1.9","","9.4","","27.8","","-12.8","","50.3","","5.1","","55.4","","","",,"",,""
"1926-06","1926","06","20.5","","6.6","","13.6","","27.8","","1.1","S","40.9","","0.0","","40.9","","","",,"",,""
"1926-07","1926","07","24.5","","11.2","","17.9","","30.0","","5.0","","91.2","","0.0","","91.2","","","",,"",,""
"1926-08","1926","08","24.1","","12.1","","18.1","","30.0","","4.4","","39.1","","0.0","","39.1","","","",,"",,""
"1926-09","1926","09","16.2","","7.1","","11.7","","21.1","","-2.2","","56.1","","0.0","","56.1","","","",,"",,""
"1926-10","1926","10","9.7","","1.3","","5.5","","23.9","","-5.6","","60.5","","5.1","","65.5","","","",,"",,""
"1926-11","1926","11","0.8","","-7.4","","-3.3","","10.6","","-21.7","","73.2","","78.0","","151.1","","","",,"",,""
"1926-12","1926","12","-4.8","","-15.2","","-10.0","","4.4","","-30.0","","8.1","","44.5","","52.6","","","",,"",,""
"1927-01","1927","01","","","","","","","","","","","","","","","","","","",,"",,""
"1927-02","1927","02","","","","","","","","","","","","","","","","","","",,"",,""
"1927-03","1927","03","","","","","","","","","","","","","","","","","","",,"",,""
"1927-04","1927","04","","","","","","","","","","","","","","","","","","",,"",,""
"1927-05","1927","05","","","","","","","","","","","","","","","","","","",,"",,""
"1927-06","1927","06","","","","","","","","","","","","","","","","","","",,"",,""
"1927-07","1927","07","","","","","","","","","","","","","","","","","","",,"",,""
"1927-08","1927","08","","","","","","","","","","","","","","","","","","",,"",,""
"1927-09","1927","09","","","","","","","","","","","","","","","","","","",,"",,""
"1927-10","1927","10","","","","","","","","","","","","","","","","","","",,"",,""
"1927-11","1927","11","","","","","","","","","","","","","","","","","","",,"",,""
"1927-12","1927","12","","","","","","","","","","","","","","","","","","",,"",,""
"1928-01","1928","01","","","","","","","","","","","","","","","","","","",,"",,""
"1928-02","1928","02","","","","","","","","","","","","","","","","","","",,"",,""
"1928-03","1928","03","","","","","","","","","","","","","","","","","","",,"",,""
"1928-04","1928","04","","","","","","","","","","","","","","","","","","",,"",,""
"1928-05","1928","05","","","","","","","","","","","","","","","","","","",,"",,""
"1928-06","1928","06","","","","","","","","","","","","","","","","","","",,"",,""
"1928-07","1928","07","","","","","","","","","","","","","","","","","","",,"",,""
"1928-08","1928","08","","","","","","","","","","","","","","","","","","",,"",,""
"1928-09","1928","09","","","","","","","","","","","","","","","","","","",,"",,""
"1928-10","1928","10","","","","","","","","","","","","","","","","","","",,"",,""
"1928-11","1928","11","","","","","","","","","","","","","","","","","","",,"",,""
"1928-12","1928","12","","","","","","","","","","","","","","","","","","",,"",,""
"1929-01","1929","01","-9.0","","-22.0","","-15.5","","3.3","","-37.2","","0.0","T","54.6","","54.6","","","",,"",,""
"1929-02","1929","02","-6.3","","-22.4","","-14.4","","2.8","","-31.1","","0.0","T","19.1","","19.1","","","",,"",,""
"1929-03","1929","03","1.7","","-6.6","","-2.5","","9.4","","-28.9","","31.5","","40.4","","71.9","","","",,"",,""
"1929-04","1929","04","9.8","","-2.7","","3.6","","20.6","","-20.0","","34.0","","27.9","","62.0","","","",,"",,""
"1929-05","1929","05","15.3","","2.3","","8.8","","31.1","","-2.8","","31.2","","15.7","","47.0","","","",,"",,""
"1929-06","1929","06","21.9","","8.2","","15.1","","30.6","S","0.0","S","58.4","","5.1","","63.5","","","",,"",,""
"1929-07","1929","07","25.3","","10.3","","17.8","","32.2","","3.3","","58.7","","0.0","","58.7","","","",,"",,""
"1929-08","1929","08","24.1","","9.5","","16.8","","29.4","","4.4","","40.4","","0.0","","40.4","","","",,"",,""
"1929-09","1929","09","20.3","","6.6","","13.5","","32.2","S","0.6","S","61.2","","0.0","T","61.2","","","",,"",,""
"1929-10","1929","10","10.9","","0.7","","5.8","","18.3","","-7.2","","78.2","","3.8","","82.0","","","",,"",,""
"1929-11","1929","11","2.1","","-7.5","","-2.7","","15.6","","-30.0","","15.2","","43.2","","58.4","","","",,"",,""
"1929-12","1929","12","-6.7","","-17.2","","-12.0","","1.7","","-27.8","","0.0","","43.2","","43.2","","","",,"",,""
"1930-01","1930","01","-6.4","","-18.6","","-12.5","","5.6","","-31.7","","0.0","T","19.1","","19.1","","","",,"",,""
"1930-02","1930","02","-3.2","","-18.1","","-10.7","","8.9","","-40.6","S","4.3","","21.6","","25.9","","","",,"",,""
"1930-03","1930","03","1.1","","-9.5","","-4.2","","8.9","","-20.6","","0.0","T","39.4","","39.4","","","",,"",,""
"1930-04","1930","04","7.3","","-3.3","","2.0","","22.2","","-7.8","S","16.8","","10.2","","26.9","","","",,"",,""
"1930-05","1930","05","20.3","","5.8","","13.1","","30.6","","0.0","S","40.6","","0.0","T","40.6","","","",,"",,""
"1930-06","1930","06","22.9","","11.0","","17.0","","29.4","","1.7","","141.2","","0.0","","141.2","","","",,"",,""
"1930-07","1930","07","25.0","","12.8","","18.9","","30.6","","5.6","S","51.1","","0.0","","51.1","","","",,"",,""
"1930-08","1930","08","","M","","M","","M","","M","","M","","M","","M","","M","","",,"",,""
"1930-09","1930","09","","M","","M","","M","","M","","M","","M","","M","","M","","",,"",,""
"1930-10","1930","10","","M","","M","","M","","M","","M","","M","","M","","M","","",,"",,""
"1930-11","1930","11","","M","","M","","M","","M","","M","","M","","M","","M","","",,"",,""
"1930-12","1930","12","","M","","M","","M","","M","","M","","M","","M","","M","","",,"",,""
"1931-01","1931","01","","","","","","","","","","","","","","","","","","",,"",,""
"1931-02","1931","02","","","","","","","","","","","","","","","","","","",,"",,""
"1931-03","1931","03","","","","","","","","","","","","","","","","","","",,"",,""
"1931-04","1931","04","","","","","","","","","","","","","","","","","","",,"",,""
"1931-05","1931","05","","","","","","","","","","","","","","","","","","",,"",,""
"1931-06","1931","06","","","","","","","","","","","","","","","","","","",,"",,""
"1931-07","1931","07","","","","","","","","","","","","","","","","","","",,"",,""
"1931-08","1931","08","","","","","","","","","","","","","","","","","","",,"",,""
"1931-09","1931","09","","","","","","","","","","","","","","","","","","",,"",,""
"1931-10","1931","10","","","","","","","","","","","","","","","","","","",,"",,""
"1931-11","1931","11","","","","","","","","","","","","","","","","","","",,"",,""
"1931-12","1931","12","","","","","","","","","","","","","","","","","","",,"",,""
"1932-01","1932","01","","","","","","","","","","","","","","","","","","",,"",,""
"1932-02","1932","02","","","","","","","","","","","","","","","","","","",,"",,""
"1932-03","1932","03","","","","","","","","","","","","","","","","","","",,"",,""
"1932-04","1932","04","","","","","","","","","","","","","","","","","","",,"",,""
"1932-05","1932","05","","","","","","","","","","","","","","","","","","",,"",,""
"1932-06","1932","06","","","","","","","","","","","","","","","","","","",,"",,""
"1932-07","1932","07","","","","","","","","","","","","","","","","","","",,"",,""
"1932-08","1932","08","","","","","","","","","","","","","","","","","","",,"",,""
"1932-09","1932","09","","","","","","","","","","","","","","","","","","",,"",,""
"1932-10","1932","10","","","","","","","","","","","","","","","","","","",,"",,""
"1932-11","1932","11","","","","","","","","","","","","","","","","","","",,"",,""
"1932-12","1932","12","","","","","","","","","","","","","","","","","","",,"",,""
"1933-01","1933","01","","","","","","","","","","","","","","","","","","",,"",,""
"1933-02","1933","02","","","","","","","","","","","","","","","","","","",,"",,""
"1933-03","1933","03","","","","","","","","","","","","","","","","","","",,"",,""
"1933-04","1933","04","","","","","","","","","","","","","","","","","","",,"",,""
"1933-05","1933","05","","","","","","","","","","","","","","","","","","",,"",,""
"1933-06","1933","06","","","","","","","","","","","","","","","","","","",,"",,""
"1933-07","1933","07","","","","","","","","","","","","","","","","","","",,"",,""
"1933-08","1933","08","","","","","","","","","","","","","","","","","","",,"",,""
"1933-09","1933","09","","","","","","","","","","","","","","","","","","",,"",,""
"1933-10","1933","10","","","","","","","","","","","","","","","","","","",,"",,""
"1933-11","1933","11","","","","","","","","","","","","","","","","","","",,"",,""
"1933-12","1933","12","","","","","","","","","","","","","","","","","","",,"",,""
"1934-01","1934","01","","","","","","","","","","","","","","","","","","",,"",,""
"1934-02","1934","02","","","","","","","","","","","","","","","","","","",,"",,""
"1934-03","1934","03","","","","","","","","","","","","","","","","","","",,"",,""
"1934-04","1934","04","","","","","","","","","","","","","","","","","","",,"",,""
"1934-05","1934","05","","","","","","","","","","","","","","","","","","",,"",,""
"1934-06","1934","06","","","","","","","","","","","","","","","","","","",,"",,""
"1934-07","1934","07","","","","","","","","","","","","","","","","","","",,"",,""
"1934-08","1934","08","","","","","","","","","","","","","","","","","","",,"",,""
"1934-09","1934","09","","","","","","","","","","","","","","","","","","",,"",,""
"1934-10","1934","10","","","","","","","","","","","","","","","","","","",,"",,""
"1934-11","1934","11","","","","","","","","","","","","","","","","","","",,"",,""
"1934-12","1934","12","","","","","","","","","","","","","","","","","","",,"",,""
"1935-01","1935","01","","","","","","","","","","","","","","","","","","",,"",,""
"1935-02","1935","02","","","","","","","","","","","","","","","","","","",,"",,""
"1935-03","1935","03","","","","","","","","","","","","","","","","","","",,"",,""
"1935-04","1935","04","","","","","","","","","","","","","","","","","","",,"",,""
"1935-05","1935","05","","","","","","","","","","","","","","","","","","",,"",,""
"1935-06","1935","06","","","","","","","","","","","","","","","","","","",,"",,""
"1935-07","1935","07","","","","","","","","","","","","","","","","","","",,"",,""
"1935-08","1935","08","","","","","","","","","","","","","","","","","","",,"",,""
"1935-09","1935","09","","","","","","","","","","","","","","","","","","",,"",,""
"1935-10","1935","10","","","","","","","","","","","","","","","","","","",,"",,""
"1935-11","1935","11","","","","","","","","","","","","","","","","","","",,"",,""
"1935-12","1935","12","","","","","","","","","","","","","","","","","","",,"",,""
"1936-01","1936","01","","","","","","","","","","","","","","","","","","",,"",,""
"1936-02","1936","02","","","","","","","","","","","","","","","","","","",,"",,""
"1936-03","1936","03","","","","","","","","","","","","","","","","","","",,"",,""
"1936-04","1936","04","","","","","","","","","","","","","","","","","","",,"",,""
"1936-05","1936","05","","","","","","","","","","","","","","","","","","",,"",,""
"1936-06","1936","06","","","","","","","","","","","","","","","","","","",,"",,""
"1936-07","1936","07","","","","","","","","","","","","","","","","","","",,"",,""
"1936-08","1936","08","","","","","","","","","","","","","","","","","","",,"",,""
"1936-09","1936","09","","","","","","","","","","","","","","","","","","",,"",,""
"1936-10","1936","10","","","","","","","","","","","","","","","","","","",,"",,""
"1936-11","1936","11","","","","","","","","","","","","","","","","","","",,"",,""
"1936-12","1936","12","","","","","","","","","","","","","","","","","","",,"",,""
"1937-01","1937","01","","","","","","","","","","","","","","","","","","",,"",,""
"1937-02","1937","02","","","","","","","","","","","","","","","","","","",,"",,""
"1937-03","1937","03","","","","","","","","","","","","","","","","","","",,"",,""
"1937-04","1937","04","","","","","","","","","","","","","","","","","","",,"",,""
"1937-05","1937","05","","","","","","","","","","","","","","","","","","",,"",,""
"1937-06","1937","06","","","","","","","","","","","","","","","","","","",,"",,""
"1937-07","1937","07","","","","","","","","","","","","","","","","","","",,"",,""
"1937-08","1937","08","","","","","","","","","","","","","","","","","","",,"",,""
"1937-09","1937","09","","","","","","","","","","","","","","","","","","",,"",,""
"1937-10","1937","10","","","","","","","","","","","","","","","","","","",,"",,""
"1937-11","1937","11","","","","","","","","","","","","","","","","","","",,"",,""
"1937-12","1937","12","","","","","","","","","","","","","","","","","","",,"",,""
"1938-01","1938","01","","","","","","","","","","","","","","","","","","",,"",,""
"1938-02","1938","02","","","","","","","","","","","","","","","","","","",,"",,""
"1938-03","1938","03","","","","","","","","","","","","","","","","","","",,"",,""
"1938-04","1938","04","","","","","","","","","","","","","","","","","","",,"",,""
"1938-05","1938","05","","","","","","","","","","","","","","","","","","",,"",,""
"1938-06","1938","06","","","","","","","","","","","","","","","","","","",,"",,""
"1938-07","1938","07","","","","","","","","","","","","","","","","","","",,"",,""
"1938-08","1938","08","","","","","","","","","","","","","","","","","","",,"",,""
"1938-09","1938","09","","","","","","","","","","","","","","","","","","",,"",,""
"1938-10","1938","10","","","","","","","","","","","","","","","","","","",,"",,""
"1938-11","1938","11","","","","","","","","","","","","","","","","","","",,"",,""
"1938-12","1938","12","","","","","","","","","","","","","","","","","","",,"",,""
"1939-01","1939","01","","","","","","","","","","","","","","","","","","",,"",,""
"1939-02","1939","02","","","","","","","","","","","","","","","","","","",,"",,""
"1939-03","1939","03","","","","","","","","","","","","","","","","","","",,"",,""
"1939-04","1939","04","","","","","","","","","","","","","","","","","","",,"",,""
"1939-05","1939","05","","","","","","","","","","","","","","","","","","",,"",,""
"1939-06","1939","06","","","","","","","","","","","","","","","","","","",,"",,""
"1939-07","1939","07","","","","","","","","","","","","","","","","","","",,"",,""
"1939-08","1939","08","","","","","","","","","","","","","","","","","","",,"",,""
"1939-09","1939","09","","","","","","","","","","","","","","","","","","",,"",,""
"1939-10","1939","10","","","","","","","","","","","","","","","","","","",,"",,""
"1939-11","1939","11","","","","","","","","","","","","","","","","","","",,"",,""
"1939-12","1939","12","","","","","","","","","","","","","","","","","","",,"",,""
"1940-01","1940","01","","","","","","","","","","","","","","","","","","",,"",,""
"1940-02","1940","02","","","","","","","","","","","","","","","","","","",,"",,""
"1940-03","1940","03","","","","","","","","","","","","","","","","","","",,"",,""
"1940-04","1940","04","","","","","","","","","","","","","","","","","","",,"",,""
"1940-05","1940","05","","","","","","","","","","","","","","","","","","",,"",,""
"1940-06","1940","06","","","","","","","","","","","","","","","","","","",,"",,""
"1940-07","1940","07","","","","","","","","","","","","","","","","","","",,"",,""
"1940-08","1940","08","","","","","","","","","","","","","","","","","","",,"",,""
"1940-09","1940","09","","","","","","","","","","","","","","","","","","",,"",,""
"1940-10","1940","10","","","","","","","","","","","","","","","","","","",,"",,""
"1940-11","1940","11","","","","","","","","","","","","","","","","","","",,"",,""
"1940-12","1940","12","","","","","","","","","","","","","","","","","","",,"",,""
"1941-01","1941","01","","","","","","","","","","","","","","","","","","",,"",,""
"1941-02","1941","02","","","","","","","","","","","","","","","","","","",,"",,""
"1941-03","1941","03","","","","","","","","","","","","","","","","","","",,"",,""
"1941-04","1941","04","","","","","","","","","","","","","","","","","","",,"",,""
"1941-05","1941","05","","","","","","","","","","","","","","","","","","",,"",,""
"1941-06","1941","06","","","","","","","","","","","","","","","","","","",,"",,""
"1941-07","1941","07","","","","","","","","","","","","","","","","","","",,"",,""
"1941-08","1941","08","","","","","","","","","","","","","","","","","","",,"",,""
"1941-09","1941","09","","","","","","","","","","","","","","","","","","",,"",,""
"1941-10","1941","10","","","","","","","","","","","","","","","","","","",,"",,""
"1941-11","1941","11","","","","","","","","","","","","","","","","","","",,"",,""
"1941-12","1941","12","","","","","","","","","","","","","","","","","","",,"",,""
"1942-01","1942","01","","","","","","","","","","","","","","","","","","",,"",,""
"1942-02","1942","02","","","","","","","","","","","","","","","","","","",,"",,""
"1942-03","1942","03","","","","","","","","","","","","","","","","","","",,"",,""
"1942-04","1942","04","","","","","","","","","","","","","","","","","","",,"",,""
"1942-05","1942","05","","","","","","","","","","","","","","","","","","",,"",,""
"1942-06","1942","06","","","","","","","","","","","","","","","","","","",,"",,""
"1942-07","1942","07","","","","","","","","","","","","","","","","","","",,"",,""
"1942-08","1942","08","","","","","","","","","","","","","","","","","","",,"",,""
"1942-09","1942","09","","","","","","","","","","","","","","","","","","",,"",,""
"1942-10","1942","10","","","","","","","","","","","","","","","","","","",,"",,""
"1942-11","1942","11","","","","","","","","","","","","","","","","","","",,"",,""
"1942-12","1942","12","","","","","","","","","","","","","","","","","","",,"",,""
"1943-01","1943","01","","","","","","","","","","","","","","","","","","",,"",,""
"1943-02","1943","02","","","","","","","","","","","","","","","","","","",,"",,""
"1943-03","1943","03","","","","","","","","","","","","","","","","","","",,"",,""
"1943-04","1943","04","","","","","","","","","","","","","","","","","","",,"",,""
"1943-05","1943","05","","","","","","","","","","","","","","","","","","",,"",,""
"1943-06","1943","06","","","","","","","","","","","","","","","","","","",,"",,""
"1943-07","1943","07","","","","","","","","","","","","","","","","","","",,"",,""
"1943-08","1943","08","","","","","","","","","","","","","","","","","","",,"",,""
"1943-09","1943","09","","","","","","","","","","","","","","","","","","",,"",,""
"1943-10","1943","10","","","","","","","","","","","","","","","","","","",,"",,""
"1943-11","1943","11","","","","","","","","","","","","","","","","","","",,"",,""
"1943-12","1943","12","","","","","","","","","","","","","","","","","","",,"",,""
"1944-01","1944","01","","","","","","","","","","","","","","","","","","",,"",,""
"1944-02","1944","02","","","","","","","","","","","","","","","","","","",,"",,""
"1944-03","1944","03","","","","","","","","","","","","","","","","","","",,"",,""
"1944-04","1944","04","","","","","","","","","","","","","","","","","","",,"",,""
"1944-05","1944","05","","","","","","","","","","","","","","","","","","",,"",,""
"1944-06","1944","06","","","","","","","","","","","","","","","","","","",,"",,""
"1944-07","1944","07","","","","","","","","","","","","","","","","","","",,"",,""
"1944-08","1944","08","","","","","","","","","","","","","","","","","","",,"",,""
"1944-09","1944","09","","","","","","","","","","","","","","","","","","",,"",,""
"1944-10","1944","10","","","","","","","","","","","","","","","","","","",,"",,""
"1944-11","1944","11","","","","","","","","","","","","","","","","","","",,"",,""
"1944-12","1944","12","","","","","","","","","","","","","","","","","","",,"",,""
"1945-01","1945","01","","","","","","","","","","","","","","","","","","",,"",,""
"1945-02","1945","02","","","","","","","","","","","","","","","","","","",,"",,""
"1945-03","1945","03","","","","","","","","","","","","","","","","","","",,"",,""
"1945-04","1945","04","","","","","","","","","","","","","","","","","","",,"",,""
"1945-05","1945","05","","","","","","","","","","","","","","","","","","",,"",,""
"1945-06","1945","06","","","","","","","","","","","","","","","","","","",,"",,""
"1945-07","1945","07","","","","","","","","","","","","","","","","","","",,"",,""
"1945-08","1945","08","","","","","","","","","","","","","","","","","","",,"",,""
"1945-09","1945","09","","","","","","","","","","","","","","","","","","",,"",,""
"1945-10","1945","10","","","","","","","","","","","","","","","","","","",,"",,""
"1945-11","1945","11","","","","","","","","","","","","","","","","","","",,"",,""
"1945-12","1945","12","","","","","","","","","","","","","","","","","","",,"",,""
"1946-01","1946","01","","","","","","","","","","","","","","","","","","",,"",,""
"1946-02","1946","02","","","","","","","","","","","","","","","","","","",,"",,""
"1946-03","1946","03","","","","","","","","","","","","","","","","","","",,"",,""
"1946-04","1946","04","","","","","","","","","","","","","","","","","","",,"",,""
"1946-05","1946","05","","","","","","","","","","","","","","","","","","",,"",,""
"1946-06","1946","06","","","","","","","","","","","","","","","","","","",,"",,""
"1946-07","1946","07","","","","","","","","","","","","","","","","","","",,"",,""
"1946-08","1946","08","","","","","","","","","","","","","","","","","","",,"",,""
"1946-09","1946","09","","","","","","","","","","","","","","","","","","",,"",,""
"1946-10","1946","10","","","","","","","","","","","","","","","","","","",,"",,""
"1946-11","1946","11","","","","","","","","","","","","","","","","","","",,"",,""
"1946-12","1946","12","","","","","","","","","","","","","","","","","","",,"",,""
"1947-01","1947","01","","M","","M","","M","","M","","M","","M","","M","","M","","",,"",,""
"1947-02","1947","02","","M","","M","","M","","M","","M","","M","","M","","M","","",,"",,""
"1947-03","1947","03","","M","","M","","M","","M","","M","","M","","M","","M","","",,"",,""
"1947-04","1947","04","","M","","M","","M","","M","","M","","M","","M","","M","","",,"",,""
"1947-05","1947","05","","M","","M","","M","","M","","M","","M","","M","","M","","",,"",,""
"1947-06","1947","06","","M","","M","","M","","M","","M","","M","","M","","M","","",,"",,""
"1947-07","1947","07","","M","","M","","M","","M","","M","","M","","M","","M","","",,"",,""
"1947-08","1947","08","","M","","M","","M","","M","","M","","M","","M","","M","","",,"",,""
"1947-09","1947","09","","M","","M","","M","","M","","M","","M","","M","","M","","",,"",,""
"1947-10","1947","10","17.6","","6.4","","12.0","","25.6","","-2.2","","35.8","","0.0","","35.8","","","",,"",,""
"1947-11","1947","11","3.4","","-3.7","","-0.2","","15.6","","-17.8","","30.5","","5.6","","36.1","","","",,"",,""
"1947-12","1947","12","-4.5","","-13.2","","-8.9","","3.3","","-26.7","","1.3","","37.6","","38.9","","","",,"",,""
"1948-01","1948","01","-8.6","","-21.8","","-15.2","","2.2","","-38.9","","0.0","T","47.2","","47.2","","","",,"",,""
"1948-02","1948","02","-5.7","","-18.3","","-12.0","","4.4","S","-35.0","","0.0","T","13.2","","13.2","","","",,"",,""
"1948-03","1948","03","0.2","","-11.3","","-5.6","","11.7","","-27.8","","30.5","","15.2","","45.7","","","",,"",,""
"1948-04","1948","04","10.7","","-0.5","","5.1","","23.9","","-10.6","","65.5","","0.0","T","65.5","","","",,"",,""
"1948-05","1948","05","16.1","","4.2","","10.2","","25.0","","-1.1","","55.1","","0.0","T","55.1","","","",,"",,""
"1948-06","1948","06","23.5","","10.7","","17.1","","30.6","","3.9","S","65.5","","0.0","","65.5","","","",,"",,""
"1948-07","1948","07","25.3","","13.9","","19.6","","31.1","","10.0","","47.5","","0.0","","47.5","","","",,"",,""
"1948-08","1948","08","24.9","","13.8","","19.4","","33.3","","7.2","S","67.1","","0.0","","67.1","","","",,"",,""
"1948-09","1948","09","21.5","","9.8","","15.7","","28.9","","2.8","","50.0","","0.0","","50.0","","","",,"",,""
"1948-10","1948","10","11.4","","2.7","","7.1","","20.6","S","-6.7","","73.9","","1.0","","74.9","","","",,"",,""
"1948-11","1948","11","6.2","","1.5","","3.9","","15.6","","-8.3","","115.8","","9.9","","125.7","","","",,"",,""
"1948-12","1948","12","-1.5","","-8.9","","-5.2","","8.3","S","-27.2","","15.2","","31.8","","47.0","","","",,"",,""
"1949-01","1949","01","-4.3","","-14.7","","-9.5","","7.2","S","-29.4","","18.0","","53.8","","71.9","","","",,"",,""
"1949-02","1949","02","-3.9","","-14.9","","-9.4","","7.2","","-30.6","","10.2","","47.2","","57.4","","","",,"",,""
"1949-03","1949","03","-0.3","","-10.8","","-5.6","","8.9","","-25.6","","35.1","","28.7","","63.8","","","",,"",,""
"1949-04","1949","04","10.8","","-1.6","","4.6","","23.3","","-8.3","","21.8","","0.8","","22.6","","","",,"",,""
"1949-05","1949","05","16.8","","4.8","","10.8","","30.0","","-1.1","","95.5","","0.0","","95.5","","","",,"",,""
"1949-06","1949","06","24.1","","13.3","","18.7","","31.1","","0.6","","126.5","","0.0","","126.5","","","",,"",,""
"1949-07","1949","07","25.8","","15.0","","20.4","","31.1","","9.4","","29.0","","0.0","","29.0","","","",,"",,""
"1949-08","1949","08","25.7","","13.7","","19.7","","34.4","","7.2","","28.4","","0.0","","28.4","","","",,"",,""
"1949-09","1949","09","17.1","","7.8","","12.5","","26.1","","-0.6","","58.7","","0.0","","58.7","","","",,"",,""
"1949-10","1949","10","14.8","","4.7","","9.8","","22.8","","-3.3","S","34.3","","0.0","T","34.3","","","",,"",,""
"1949-11","1949","11","1.2","","-5.3","","-2.1","","10.0","","-18.9","","24.4","","19.6","","43.9","","","",,"",,""
"1949-12","1949","12","-2.1","","-10.7","","-6.4","","9.4","S","-23.3","","36.8","","33.8","","70.6","","","",,"",,""
"1950-01","1950","01","-3.9","","-15.5","","-9.7","","7.2","","-30.6","","66.5","","28.2","","94.7","","","",,"",,""
"1950-02","1950","02","-6.2","","-16.4","","-11.3","","1.7","","-33.9","","0.0","T","61.7","","61.7","","","",,"",,""
"1950-03","1950","03","-1.3","","-12.6","","-7.0","","6.7","","-41.1","","42.2","","20.8","","63.0","","","",,"",,""
"1950-04","1950","04","4.1","","-4.6","","-0.3","","13.3","","-17.8","","23.9","","25.4","","49.3","","","",,"",,""
"1950-05","1950","05","16.1","","4.8","","10.5","","26.7","","-3.3","","37.6","","0.0","T","37.6","","","",,"",,""
"1950-06","1950","06","22.0","","9.8","","15.9","","30.0","","2.2","","34.5","","0.0","","34.5","","","",,"",,""
"1950-07","1950","07","24.4","","13.1","","18.8","","30.0","S","6.7","","54.9","","0.0","","54.9","","","",,"",,""
"1950-08","1950","08","21.6","","10.8","","16.2","","27.8","S","4.4","","96.0","","0.0","","96.0","","","",,"",,""
"1950-09","1950","09","17.4","","7.2","","12.3","","24.4","S","-1.1","","17.8","","0.0","T","17.8","","","",,"",,""
"1950-10","1950","10","13.0","","4.6","","8.8","","24.4","","-1.1","","41.1","","9.7","","50.8","","","",,"",,""
"1950-11","1950","11","2.4","","-3.7","","-0.7","","12.8","S","-10.0","","62.0","","48.5","","110.5","","","",,"",,""
"1950-12","1950","12","-5.1","","-14.1","","-9.6","","4.4","","-30.6","","15.5","","49.8","","65.3","","","",,"",,""
"1951-01","1951","01","-6.5","","-18.6","","-12.6","","4.4","","-42.8","","4.6","","63.8","","68.3","","","M",,"",,""
"1951-02","1951","02","-3.9","","-15.3","","-9.6","","7.2","","-43.9","","12.2","","62.0","","74.2","","","M",,"",,""
"1951-03","1951","03","0.5","","-8.6","","-4.1","","6.7","","-27.8","","42.7","","48.8","","91.4","","","M",,"",,""
"1951-04","1951","04","9.6","","0.3","","5.0","","18.9","","-3.3","","55.1","","25.9","","81.0","","","M",,"",,""
"1951-05","1951","05","19.7","","6.4","","13.1","","27.8","","-2.2","","50.3","","0.0","","50.3","","","M",,"",,""
"1951-06","1951","06","22.0","","11.1","","16.6","","27.8","S","3.9","S","71.9","","0.0","","71.9","","","M",,"",,""
"1951-07","1951","07","24.2","","13.4","","18.8","","30.0","","9.4","S","65.8","","0.0","","65.8","","","M",,"",,""
"1951-08","1951","08","21.8","","11.3","","16.6","","27.2","","5.0","","57.4","","0.0","","57.4","","","M",,"",,""
"1951-09","1951","09","17.4","","7.6","","12.5","","23.9","","-1.7","","94.0","","0.0","T","94.0","","","M",,"",,""
"1951-10","1951","10","10.8","","3.3","","7.1","","19.4","","-2.8","S","206.2","","1.8","","208.0","","","M",,"",,""
"1951-11","1951","11","0.3","","-6.5","","-3.1","","11.7","","-19.4","","21.6","","41.9","","63.5","","","M",,"",,""
"1951-12","1951","12","-4.5","","-14.3","","-9.4","","11.1","","-33.9","","50.8","","39.4","","90.2","","23","",,"",,""
"1952-01","1952","01","-5.2","","-16.1","","-10.7","","4.4","","-41.1","","29.5","","47.2","","76.7","","","",,"",,""
"1952-02","1952","02","-3.2","","-16.0","","-9.6","","4.4","","-29.4","","0.0","T","32.5","","32.5","","","",,"",,""
"1952-03","1952","03","-0.8","","-9.4","","-5.1","","5.6","","-22.8","","9.7","","27.7","","37.3","","","",,"",,""
"1952-04","1952","04","11.7","","-0.6","","5.6","","25.6","","-9.4","","20.8","","30.7","","51.6","","","",,"",,""
"1952-05","1952","05","16.1","","5.5","","10.8","","22.2","S","0.0","","39.4","","3.8","","43.2","","","",,"",,""
"1952-06","1952","06","22.6","","11.4","","17.0","","28.9","","5.6","","47.5","","0.0","","47.5","","","",,"",,""
"1952-07","1952","07","26.2","","15.3","","20.8","","31.1","S","7.2","","91.2","","0.0","","91.2","","","",,"",,""
"1952-08","1952","08","23.6","","12.9","","18.3","","30.6","","6.1","","101.3","","0.0","","101.3","","","",,"",,""
"1952-09","1952","09","19.7","","9.7","","14.7","","31.7","","2.8","","75.9","","0.0","","75.9","","","",,"",,""
"1952-10","1952","10","8.9","","0.8","","4.9","","20.0","","-4.4","S","17.3","","0.0","T","17.3","","","",,"",,""
"1952-11","1952","11","4.9","","-1.5","","1.7","","15.0","","-14.4","","78.5","","7.6","","86.1","","","",,"",,""
"1952-12","1952","12","-0.8","","-7.0","","-3.9","","8.9","","-23.3","","21.1","","18.3","","39.4","","","",,"",,""
"1953-01","1953","01","-4.9","","-16.1","","-10.5","","6.7","","-32.8","","11.2","","75.4","","86.6","","","M",,"",,""
"1953-02","1953","02","-2.9","","-12.2","","-7.6","","7.2","","-32.8","","27.9","","29.2","","57.2","","","M",,"",,""
"1953-03","1953","03","1.6","","-7.4","","-2.9","","13.3","","-27.8","S","73.9","","20.6","","94.5","","","M",,"",,""
"1953-04","1953","04","7.7","","-0.8","","3.5","","14.4","","-5.6","","44.7","","3.8","","48.5","","","M",,"",,""
"1953-05","1953","05","19.1","","5.9","","12.5","","31.7","","0.0","","29.0","","0.0","","29.0","","","M",,"",,""
"1953-06","1953","06","22.3","","11.4","","16.9","","27.8","","6.1","","49.8","","0.0","","49.8","","","M",,"",,""
"1953-07","1953","07","25.1","","14.2","","19.7","","31.7","S","7.2","S","76.2","","0.0","","76.2","","","M",,"",,""
"1953-08","1953","08","25.6","","13.3","","19.5","","32.8","S","8.3","","31.8","","0.0","","31.8","","","M",,"",,""
"1953-09","1953","09","18.1","","8.4","","13.3","","33.9","","0.6","S","103.1","","0.0","","103.1","","","M",,"",,""
"1953-10","1953","10","13.9","","3.0","","8.5","","25.0","","-3.3","","27.2","","0.0","T","27.2","","","M",,"",,""
"1953-11","1953","11","6.4","","-0.6","","2.9","","16.1","","-8.9","","32.3","","13.7","","46.0","","","M",,"",,""
"1953-12","1953","12","-0.9","","-9.7","","-5.3","","10.6","","-32.2","","25.7","","48.8","","74.4","","18","",,"",,""
"1954-01","1954","01","-9.9","","-22.0","","-16.0","","1.1","","-37.2","","0.3","","42.7","","42.9","","","M",,"",,""
"1954-02","1954","02","-0.9","","-11.6","","-6.3","","8.3","","-35.0","","32.5","","28.7","","61.2","","5","",,"",,""
"1954-03","1954","03","-0.3","","-9.6","","-5.0","","7.2","","-19.4","","62.5","","25.4","","87.9","","","M",,"",,""
"1954-04","1954","04","8.4","","-2.2","","3.1","","21.1","","-18.3","S","89.4","","8.4","","97.8","","","M",,"",,""
"1954-05","1954","05","15.2","","4.6","","9.9","","23.9","","-1.7","S","86.6","","7.6","","94.2","","","M",,"",,""
"1954-06","1954","06","22.3","","12.8","","17.6","","30.6","","4.4","","112.8","","0.0","","112.8","","","M",,"",,""
"1954-07","1954","07","24.1","","13.1","","18.6","","30.0","","6.7","","75.4","","0.0","","75.4","","","M",,"",,""
"1954-08","1954","08","22.1","","12.4","","17.3","","28.9","","6.1","","41.9","","0.0","","41.9","","","M",,"",,""
"1954-09","1954","09","16.2","","8.4","","12.3","","24.4","","2.2","","114.6","","0.0","","114.6","","","M",,"",,""
"1954-10","1954","10","11.2","","4.1","","7.7","","21.1","","-2.8","S","155.4","","0.0","T","155.4","","","M",,"",,""
"1954-11","1954","11","4.2","","-1.1","","1.6","","11.7","","-7.8","","70.6","","11.2","","81.8","","3","",,"",,""
"1954-12","1954","12","-4.2","","-12.7","","-8.5","","2.8","","-26.7","","1.0","","40.9","","41.9","","25","",,"",,""
"1955-01","1955","01","-7.6","","-18.1","","-12.9","","1.7","S","-35.0","","0.8","","31.8","","32.5","","43","",,"",,""
"1955-02","1955","02","","M","","M","","M","","M","","M","","M","","M","","M","","M",,"",,""
"1955-03","1955","03","","M","","M","","M","","M","","M","","M","","M","","M","","M",,"",,""
"1955-04","1955","04","","M","","M","","M","","M","","M","","M","","M","","M","","M",,"",,""
"1955-05","1955","05","","M","","M","","M","","M","","M","","M","","M","","M","","M",,"",,""
"1955-06","1955","06","","M","","M","","M","","M","","M","","M","","M","","M","","M",,"",,""
"1955-07","1955","07","","M","","M","","M","","M","","M","","M","","M","","M","","M",,"",,""
"1955-08","1955","08","","M","","M","","M","","M","","M","","M","","M","","M","","M",,"",,""
"1955-09","1955","09","","M","","M","","M","","M","","M","","M","","M","","M","","M",,"",,""
"1955-10","1955","10","","M","","M","","M","","M","","M","","M","","M","","M","","M",,"",,""
"1955-11","1955","11","","M","","M","","M","","M","","M","","M","","M","","M","","M",,"",,""
"1955-12","1955","12","","M","","M","","M","","M","","M","","M","","M","","M","","M",,"",,""
"1956-01","1956","01","","","","","","","","","","","","","","","","","","",,"",,""
"1956-02","1956","02","","","","","","","","","","","","","","","","","","",,"",,""
"1956-03","1956","03","","","","","","","","","","","","","","","","","","",,"",,""
"1956-04","1956","04","","","","","","","","","","","","","","","","","","",,"",,""
"1956-05","1956","05","","","","","","","","","","","","","","","","","","",,"",,""
"1956-06","1956","06","","","","","","","","","","","","","","","","","","",,"",,""
"1956-07","1956","07","","","","","","","","","","","","","","","","","","",,"",,""
"1956-08","1956","08","","","","","","","","","","","","","","","","","","",,"",,""
"1956-09","1956","09","","","","","","","","","","","","","","","","","","",,"",,""
"1956-10","1956","10","","","","","","","","","","","","","","","","","","",,"",,""
"1956-11","1956","11","","","","","","","","","","","","","","","","","","",,"",,""
"1956-12","1956","12","","","","","","","","","","","","","","","","","","",,"",,""
"1957-01","1957","01","","","","","","","","","","","","","","","","","","",,"",,""
"1957-02","1957","02","","","","","","","","","","","","","","","","","","",,"",,""
"1957-03","1957","03","","","","","","","","","","","","","","","","","","",,"",,""
"1957-04","1957","04","","","","","","","","","","","","","","","","","","",,"",,""
"1957-05","1957","05","","","","","","","","","","","","","","","","","","",,"",,""
"1957-06","1957","06","","","","","","","","","","","","","","","","","","",,"",,""
"1957-07","1957","07","","","","","","","","","","","","","","","","","","",,"",,""
"1957-08","1957","08","","","","","","","","","","","","","","","","","","",,"",,""
"1957-09","1957","09","","","","","","","","","","","","","","","","","","",,"",,""
"1957-10","1957","10","","","","","","","","","","","","","","","","","","",,"",,""
"1957-11","1957","11","","","","","","","","","","","","","","","","","","",,"",,""
"1957-12","1957","12","","","","","","","","","","","","","","","","","","",,"",,""
"1958-01","1958","01","","","","","","","","","","","","","","","","","","",,"",,""
"1958-02","1958","02","","","","","","","","","","","","","","","","","","",,"",,""
"1958-03","1958","03","","","","","","","","","","","","","","","","","","",,"",,""
"1958-04","1958","04","","","","","","","","","","","","","","","","","","",,"",,""
"1958-05","1958","05","","","","","","","","","","","","","","","","","","",,"",,""
"1958-06","1958","06","","","","","","","","","","","","","","","","","","",,"",,""
"1958-07","1958","07","","","","","","","","","","","","","","","","","","",,"",,""
"1958-08","1958","08","","","","","","","","","","","","","","","","","","",,"",,""
"1958-09","1958","09","","","","","","","","","","","","","","","","","","",,"",,""
"1958-10","1958","10","","","","","","","","","","","","","","","","","","",,"",,""
"1958-11","1958","11","","","","","","","","","","","","","","","","","","",,"",,""
"1958-12","1958","12","","","","","","","","","","","","","","","","","","",,"",,""
"1959-01","1959","01","-8.3","","-19.1","","-13.7","","1.1","","-32.2","","","M","","M","","M","","",,"",,""
"1959-02","1959","02","-6.3","","-19.5","","-12.9","","2.2","","-29.4","","","M","","M","","M","","",,"",,""
"1959-03","1959","03","1.3","","-11.3","","-5.0","","9.4","","-28.3","","","M","","M","","M","","",,"",,""
"1959-04","1959","04","9.3","","-1.8","","3.8","","17.2","","-8.3","","","M","","M","","M","","",,"",,""
"1959-05","1959","05","18.2","","6.5","","12.4","","26.1","S","-2.2","S","49.5","","0.8","","50.3","","","",,"",,""
"1959-06","1959","06","24.8","","12.7","","18.8","","31.7","","5.6","","78.7","","0.0","","78.7","","","",,"",,""
"1959-07","1959","07","27.7","","15.1","","21.4","","31.7","","9.4","","45.0","","0.0","","45.0","","","",,"",,""
"1959-08","1959","08","26.6","","15.9","","21.3","","30.6","S","8.9","","74.4","","0.0","","74.4","","","",,"",,""
"1959-09","1959","09","20.1","","10.5","","15.3","","30.0","","-1.1","","114.3","","0.0","","114.3","","","",,"",,""
"1959-10","1959","10","8.8","","2.1","","5.5","","20.0","","-5.6","","88.9","","3.8","","92.7","","","",,"",,""
"1959-11","1959","11","0.4","","-6.7","","-3.2","","8.9","","-16.7","","27.2","","45.0","","72.1","","","",,"",,""
"1959-12","1959","12","-2.6","","-10.6","","-6.6","","4.4","","-23.3","","0.0","T","51.6","","51.6","","","",,"",,""
"1960-01","1960","01","-5.1","","-15.1","","-10.1","","0.6","S","-37.2","","5.1","","45.0","","50.0","","","",,"",,""
"1960-02","1960","02","-3.3","","-14.8","","-9.1","","2.2","S","-23.3","","0.0","","","M","","M","","",,"",,""
"1960-03","1960","03","-1.5","","-14.9","","-8.2","","6.1","S","-25.0","","","M","","M","32.3","","","",,"",,""
"1960-04","1960","04","9.7","","-0.4","","4.7","","20.0","","-9.4","","86.1","","2.5","","88.6","","","",,"",,""
"1960-05","1960","05","19.1","","9.0","","14.1","","26.7","S","1.7","","96.0","","0.0","","96.0","","","",,"",,""
"1960-06","1960","06","","M","","M","","M","","M","","M","158.0","","0.0","","158.0","","","",,"",,""
"1960-07","1960","07","25.0","","13.2","","19.1","","30.6","","8.3","","125.7","","0.0","","125.7","","","",,"",,""
"1960-08","1960","08","25.4","","13.2","","19.3","","30.6","","7.8","","29.5","","0.0","","29.5","","","",,"",,""
"1960-09","1960","09","19.1","","9.1","","14.1","","31.1","","1.7","","65.5","","0.0","","65.5","","","",,"",,""
"1960-10","1960","10","12.9","","3.4","","8.2","","20.0","","-2.2","","54.4","","0.0","","54.4","","","",,"",,""
"1960-11","1960","11","6.4","","-0.1","","3.2","","11.7","","-8.9","","56.6","","5.1","","61.7","","","",,"",,""
"1960-12","1960","12","","M","","M","","M","","M","","M","","M","","M","","M","","",,"",,""
"1961-01","1961","01","","M","-19.7","","","M","","M","-27.8","","0.0","","","M","","M","","",,"",,""
"1961-02","1961","02","-0.4","","-12.8","","-6.6","","8.3","","-27.2","","0.0","","","M","","M","","",,"",,""
"1961-03","1961","03","3.1","","-7.5","","-2.2","","12.2","","-22.2","","2.5","","50.8","","53.3","","","",,"",,""
"1961-04","1961","04","","M","","M","","M","","M","","M","","M","","M","","M","","",,"",,""
"1961-05","1961","05","","M","3.9","","","M","","M","-1.7","","","M","","M","","M","","",,"",,""
"1961-06","1961","06","","M","","M","","M","","M","5.0","S","95.3","","0.0","","95.3","","","",,"",,""
"1961-07","1961","07","","M","","M","","M","","M","","M","135.1","","0.0","","135.1","","","",,"",,""
"1961-08","1961","08","24.4","","13.9","","19.2","","29.4","","7.2","","44.5","","0.0","","44.5","","","",,"",,""
"1961-09","1961","09","21.4","","12.3","","16.9","","31.1","","1.7","","148.3","","0.0","","148.3","","","",,"",,""
"1961-10","1961","10","13.3","","4.7","","9.0","","21.7","","-1.1","","34.5","","0.0","T","34.5","","","",,"",,""
"1961-11","1961","11","5.6","","-1.4","","2.1","","20.6","","-11.7","","43.4","","3.0","","46.5","","","",,"",,""
"1961-12","1961","12","-1.3","","-9.3","","-5.3","","10.6","","-21.1","","8.4","","15.7","","24.1","","","",,"",,""
"1962-01","1962","01","","M","","M","","M","","M","","M","0.0","","52.8","","52.8","","","M",,"",,""
"1962-02","1962","02","","M","","M","","M","","M","","M","0.0","","47.0","","47.0","","","M",,"",,""
"1962-03","1962","03","","M","","M","","M","","M","","M","4.3","","24.1","","28.4","","","M",,"",,""
"1962-04","1962","04","","M","","M","","M","","M","","M","45.7","","7.4","","53.1","","","M",,"",,""
"1962-05","1962","05","20.9","","8.8","","14.9","","33.9","S","-1.1","S","68.8","","0.0","","68.8","","0","",,"",,""
"1962-06","1962","06","23.6","","10.8","","17.2","","31.1","","4.4","","59.9","","0.0","","59.9","","0","",,"",,""
"1962-07","1962","07","25.6","","13.0","","19.3","","31.1","","8.3","","25.1","","0.0","","25.1","","0","",,"",,""
"1962-08","1962","08","24.5","","12.9","","18.7","","30.0","","6.1","","91.2","","0.0","","91.2","","0","",,"",,""
"1962-09","1962","09","17.7","","7.9","","12.8","","26.7","","0.6","","58.7","","0.0","","58.7","","0","",,"",,""
"1962-10","1962","10","11.8","","4.2","","8.0","","21.7","S","-5.6","","44.2","","13.0","","57.2","","","M",,"",,""
"1962-11","1962","11","4.1","","-2.7","","0.7","","10.6","","-9.4","","9.4","","1.3","","10.7","","0","",,"",,""
"1962-12","1962","12","-3.7","","-13.9","","-8.8","","10.0","","-30.0","","10.7","","71.6","","82.3","","","M",,"",,""
"1963-01","1963","01","-9.1","","-21.2","","-15.2","","1.7","","-36.7","","1.3","","28.2","","29.5","","","M",,"",,""
"1963-02","1963","02","-8.4","","-21.7","","-15.1","","1.1","","-32.8","S","1.3","","23.6","","24.9","","","M",,"",,""
"1963-03","1963","03","1.6","","-11.9","","-5.2","","13.9","","-31.1","","40.6","","49.3","","89.9","","","M",,"",,""
"1963-04","1963","04","10.7","","-1.0","","4.9","","19.4","S","-7.2","","53.3","","14.0","","67.3","","","M",,"",,""
"1963-05","1963","05","16.8","","4.5","","10.7","","27.2","","-3.3","","57.7","","0.0","T","57.7","","0","",,"",,""
"1963-06","1963","06","25.2","","12.2","","18.7","","32.8","S","5.6","","51.8","","0.0","","51.8","","0","",,"",,""
"1963-07","1963","07","26.8","","15.3","","21.1","","34.4","","6.1","","27.2","","0.0","","27.2","","0","",,"",,""
"1963-08","1963","08","22.5","","11.4","","17.0","","29.4","S","5.0","S","96.3","","0.0","","96.3","","0","",,"",,""
"1963-09","1963","09","18.0","","6.2","","12.1","","24.4","S","-2.2","","41.9","","0.0","","41.9","","0","",,"",,""
"1963-10","1963","10","17.9","","6.7","","12.3","","25.6","","-3.3","S","4.8","","0.0","","4.8","","0","",,"",,""
"1963-11","1963","11","6.9","","0.7","","3.8","","13.9","","-13.3","","70.4","","0.0","","70.4","","0","",,"",,""
"1963-12","1963","12","-8.1","","-15.2","","-11.7","","2.8","","-29.4","","0.0","","29.5","","29.5","","","M",,"",,""
"1964-01","1964","01","-3.1","","-13.4","","-8.3","","6.7","","-35.6","","19.1","","46.5","","65.5","","","M",,"",,""
"1964-02","1964","02","-2.9","","-15.2","","-9.1","","5.0","S","-29.4","","0.0","","","M","","M","","M",,"",,""
"1964-03","1964","03","0.1","","-10.7","","-5.3","","7.8","","-23.3","","7.6","","54.1","","61.7","","","M",,"",,""
"1964-04","1964","04","8.8","","-1.9","","3.5","","23.3","","-21.1","","63.5","","8.9","","72.4","","0","",,"",,""
"1964-05","1964","05","20.1","","7.7","","13.9","","31.1","","0.6","","55.6","","0.0","","55.6","","0","",,"",,""
"1964-06","1964","06","22.6","","10.0","","16.3","","32.2","","2.8","","43.9","","0.0","","43.9","","0","",,"",,""
"1964-07","1964","07","26.8","","15.6","","21.2","","32.8","","8.9","S","55.6","","0.0","","55.6","","0","",,"",,""
"1964-08","1964","08","20.4","","11.4","","15.9","","29.4","","7.2","S","74.4","","0.0","","74.4","","0","",,"",,""
"1964-09","1964","09","17.4","","8.6","","13.0","","25.6","","0.0","","117.3","","0.0","","117.3","","0","",,"",,""
"1964-10","1964","10","11.5","","2.3","","6.9","","22.2","","-3.9","","47.0","","0.0","T","47.0","","0","",,"",,""
"1964-11","1964","11","4.9","","-2.4","","1.3","","15.0","","-18.9","","57.4","","11.2","","68.6","","0","",,"",,""
"1964-12","1964","12","-4.7","","-13.1","","-8.9","","3.9","S","-23.3","","22.1","","56.6","","78.7","","","M",,"",,""
"1965-01","1965","01","-8.2","","-18.8","","-13.5","","5.6","","-32.2","","3.3","","54.4","","57.7","","","M",,"",,""
"1965-02","1965","02","-6.7","","-17.5","","-12.1","","5.0","S","-28.9","","17.3","E","52.1","","69.3","E","","M",,"",,""
"1965-03","1965","03","-0.1","","-11.3","","-5.7","","10.0","","-28.3","","0.0","","32.3","","32.3","","","M",,"",,""
"1965-04","1965","04","8.2","","-2.7","","2.8","","19.4","","-14.4","","22.4","","14.0","","36.3","","","M",,"",,""
"1965-05","1965","05","19.7","","6.8","","13.3","","25.6","","0.0","","34.3","","0.0","","34.3","","0","",,"",,""
"1965-06","1965","06","22.7","","10.4","","16.6","","29.4","","5.0","","39.9","","0.0","","39.9","","0","",,"",,""
"1965-07","1965","07","22.1","","11.7","","16.9","","28.9","","6.7","","95.5","","0.0","","95.5","","0","",,"",,""
"1965-08","1965","08","20.7","","12.2","","16.5","","30.0","","2.8","","156.2","","0.0","","156.2","","0","",,"",,""
"1965-09","1965","09","17.7","","9.1","","13.4","","24.4","","-1.7","","157.0","","0.0","T","157.0","","0","",,"",,""
"1965-10","1965","10","9.7","","2.7","","6.2","","22.8","","-6.7","","54.6","","0.0","T","54.6","","0","",,"",,""
"1965-11","1965","11","2.0","","-3.8","","-0.9","","13.9","","-11.7","","10.2","","73.2","","83.3","","","M",,"",,""
"1965-12","1965","12","-1.4","","-7.6","","-4.5","","8.9","","-21.1","","38.4","","30.5","","68.8","","","M",,"",,""
"1966-01","1966","01","-8.6","","-18.3","","-13.5","","2.2","","-34.4","","0.0","T","36.8","","36.8","","","M",,"",,""
"1966-02","1966","02","-3.6","","-12.4","","-8.0","","6.7","","-29.4","","14.0","","13.5","","27.4","","","M",,"",,""
"1966-03","1966","03","1.6","","-6.3","","-2.4","","8.3","","-16.1","S","31.8","","16.3","","48.0","","","M",,"",,""
"1966-04","1966","04","8.7","","-0.3","","4.2","","15.0","","-6.7","","24.4","","2.0","","26.4","","0","",,"",,""
"1966-05","1966","05","14.3","","3.7","","9.0","","25.6","","-5.0","","29.5","","0.5","","30.0","","0","",,"",,""
"1966-06","1966","06","24.1","","12.1","","18.1","","32.8","S","3.3","","45.5","","0.0","","45.5","","0","",,"",,""
"1966-07","1966","07","27.6","","14.8","","21.2","","34.4","","10.6","S","41.1","","0.0","","41.1","","0","",,"",,""
"1966-08","1966","08","22.6","","13.7","","18.2","","28.3","S","9.4","S","79.2","","0.0","","79.2","","0","",,"",,""
"1966-09","1966","09","18.5","","8.1","","13.3","","27.8","","0.6","","69.3","","0.0","","69.3","","0","",,"",,""
"1966-10","1966","10","11.0","","3.3","","7.2","","20.6","","-6.7","","106.7","","0.0","T","106.7","","0","T",,"",,""
"1966-11","1966","11","3.1","","-3.1","","0.0","","11.1","","-10.6","S","101.6","E","38.4","","140.0","E","","M",,"",,""
"1966-12","1966","12","-5.2","","-12.3","E","-8.8","E","8.9","","-22.2","","23.4","E","21.1","","44.5","E","","M",,"",,""
"1967-01","1967","01","-3.9","","-16.6","E","-10.3","E","6.7","","-41.1","","14.7","","74.4","","89.2","","","M",,"",,""
"1967-02","1967","02","-9.5","","-21.1","","-15.3","","0.6","S","-38.9","","0.0","","50.0","","50.0","","","M",,"",,""
"1967-03","1967","03","-0.4","","-11.9","","-6.2","","11.1","","-36.7","","17.3","","15.5","","32.8","","","M",,"",,""
"1967-04","1967","04","7.6","","-1.3","","3.2","","15.0","","-10.6","","85.9","","0.0","T","85.9","","","M",,"",,""
"1967-05","1967","05","14.0","","2.8","","8.4","","23.3","","-2.2","","63.2","","6.4","","69.6","","0","",,"",,""
"1967-06","1967","06","23.9","","13.0","","18.5","","31.1","","8.9","","84.1","","0.0","","84.1","","0","",,"",,""
"1967-07","1967","07","24.4","","13.5","","19.0","","28.9","S","5.6","","22.1","","0.0","","22.1","","0","",,"",,""
"1967-08","1967","08","22.6","","11.9","","17.3","","28.3","","5.6","","96.0","","0.0","","96.0","","0","",,"",,""
"1967-09","1967","09","19.8","","8.1","","14.0","","27.8","S","0.0","","63.0","","0.0","","63.0","","0","",,"",,""
"1967-10","1967","10","10.7","","3.7","","7.2","","20.6","","-3.3","","76.5","","1.5","","78.0","","0","",,"",,""
"1967-11","1967","11","0.7","","-4.6","","-2.0","","10.6","","-14.4","","57.9","","39.1","","97.0","","","M",,"",,""
"1967-12","1967","12","-2.0","","-10.2","","-6.1","","6.1","","-26.7","","20.3","","38.9","","59.2","","","M",,"",,""
"1968-01","1968","01","-8.2","","-18.8","","-13.5","","3.9","","-40.0","","5.3","","29.2","","34.5","","","M",,"",,""
"1968-02","1968","02","-7.3","","-16.9","","-12.1","","2.2","","-27.2","","22.9","","13.7","","36.6","","","M",,"",,""
"1968-03","1968","03","3.2","","-7.7","","-2.3","","12.8","","-20.0","","22.9","","1.3","","24.1","","","M",,"",,""
"1968-04","1968","04","11.4","","0.6","","6.0","","18.3","","-11.1","","79.5","","0.5","","80.0","","0","",,"",,""
"1968-05","1968","05","16.3","","5.9","","11.1","","24.4","","-1.7","","55.9","","0.0","T","55.9","","0","",,"",,""
"1968-06","1968","06","20.8","","10.8","","15.8","","28.9","","4.4","","116.1","","0.0","","116.1","","0","",,"",,""
"1968-07","1968","07","24.7","","14.2","","19.5","","32.8","S","7.8","S","90.7","","0.0","","90.7","","0","",,"",,""
"1968-08","1968","08","22.7","","12.1","","17.4","","29.4","","6.7","","84.6","","0.0","","84.6","","0","",,"",,""
"1968-09","1968","09","20.5","","11.7","","16.1","","26.1","S","3.9","","123.2","","0.0","","123.2","","0","",,"",,""
"1968-10","1968","10","13.3","","6.0","","9.7","","25.6","","-3.3","","38.4","","0.0","T","38.4","","0","",,"",,""
"1968-11","1968","11","1.8","","-3.6","","-0.9","","12.8","","-16.1","","14.7","","33.3","","48.0","","","M",,"",,""
"1968-12","1968","12","-4.4","","-11.9","","-8.2","","6.1","","-31.1","","12.2","","57.2","","69.3","","","M",,"",,""
"1969-01","1969","01","-5.6","","-13.6","","-9.6","","4.4","S","-23.3","","16.8","","30.2","","47.0","","","M",,"",,""
"1969-02","1969","02","-2.2","","-13.1","","-7.7","","3.9","","-24.4","","0.0","T","19.1","","19.1","","","M",,"",,""
"1969-03","1969","03","0.0","","-10.4","","-5.2","","7.2","","-21.7","","18.5","","21.3","","39.9","","","M",,"",,""
"1969-04","1969","04","9.4","","-1.1","","4.2","","20.6","","-16.7","","59.9","","7.6","","67.6","","0","",,"",,""
"1969-05","1969","05","15.7","","4.6","","10.2","","30.6","","-1.7","","47.0","","0.0","","47.0","","0","",,"",,""
"1969-06","1969","06","19.9","","9.8","","14.9","","28.3","","3.9","","89.4","","0.0","","89.4","","0","",,"",,""
"1969-07","1969","07","25.0","","14.2","","19.6","","31.1","S","5.6","","84.8","","0.0","","84.8","","0","",,"",,""
"1969-08","1969","08","26.5","","15.4","","21.0","","32.8","","5.0","","34.5","","0.0","","34.5","","0","",,"",,""
"1969-09","1969","09","18.7","","9.6","","14.2","","28.9","","1.1","","46.0","","0.0","","46.0","","0","",,"",,""
"1969-10","1969","10","9.6","","2.9","","6.3","","18.9","","-6.7","","133.1","","3.3","","136.4","","","M",,"",,""
"1969-11","1969","11","3.9","","-2.5","","0.7","","14.4","","-15.0","","80.3","","23.1","","103.4","","","M",,"",,""
"1969-12","1969","12","-5.5","","-12.9","","-9.2","","2.2","","-30.0","S","0.0","T","62.7","","62.7","","20","",,"",,""
"1970-01","1970","01","-9.2","","-20.0","","-14.6","","-0.6","S","-32.8","","0.0","","39.1","","39.1","","43","",,"",,""
"1970-02","1970","02","-5.7","","-18.5","","-12.1","","3.9","","-36.1","","0.0","T","31.2","","31.2","","","M",,"",,""
"1970-03","1970","03","0.6","","-10.9","","-5.2","","9.4","","-20.0","S","15.5","","43.2","","58.7","","30","",,"",,""
"1970-04","1970","04","9.9","","-1.4","","4.3","","25.0","","-13.9","","56.1","","0.0","T","56.1","","0","",,"",,""
"1970-05","1970","05","14.9","","5.2","","10.1","","27.8","","-3.9","","106.7","","0.0","","106.7","","0","",,"",,""
"1970-06","1970","06","22.7","","11.4","","17.1","","28.3","S","6.1","","102.1","","0.0","","102.1","","0","",,"",,""
"1970-07","1970","07","24.8","","15.4","","20.1","","29.4","S","9.4","","117.6","","0.0","","117.6","","0","",,"",,""
"1970-08","1970","08","25.1","","14.3","","19.7","","31.1","S","6.7","","70.6","","0.0","","70.6","","0","",,"",,""
"1970-09","1970","09","18.0","","9.9","","14.0","","23.9","","0.0","","257.3","","0.0","","257.3","","0","",,"",,""
"1970-10","1970","10","13.5","","5.4","","9.5","","22.2","S","-2.2","S","66.5","","0.0","","66.5","","0","",,"",,""
"1970-11","1970","11","4.2","","-2.0","","1.1","","12.2","","-11.7","","31.0","","25.7","","56.6","","0","",,"",,""
"1970-12","1970","12","-6.6","","-15.0","","-10.8","","9.4","","-30.0","","13.2","","41.1","","54.4","","","M",,"",,""
"1971-01","1971","01","-9.9","","-19.6","","-14.8","","-0.6","","-35.6","","0.0","","67.1","","67.1","","","M",,"",,""
"1971-02","1971","02","-4.6","","-15.4","","-10.0","","6.7","","-34.4","","14.5","E","69.9","E","84.3","E","","M",,"",,""
"1971-03","1971","03","-0.1","","-11.8","","-6.0","","6.1","","-23.3","","12.7","","46.2","","58.9","","","M",,"",,""
"1971-04","1971","04","7.9","","-1.7","","3.1","","16.1","","-10.6","","27.4","E","5.1","E","32.5","E","0","",,"",,""
"1971-05","1971","05","17.7","","4.7","","11.2","","25.6","","-1.7","","62.5","","0.0","T","62.5","","0","",,"",,""
"1971-06","1971","06","24.6","","13.3","","19.0","","32.2","","4.4","","50.5","","0.0","","50.5","","0","",,"",,""
"1971-07","1971","07","23.7","","13.1","","18.4","","28.3","","5.6","","88.9","","0.0","","88.9","","0","",,"",,""
"1971-08","1971","08","23.0","","13.1","","18.1","","32.2","","3.3","","72.1","","0.0","","72.1","","0","",,"",,""
"1971-09","1971","09","21.2","","11.4","","16.3","","28.3","","2.8","","60.2","","0.0","","60.2","","0","",,"",,""
"1971-10","1971","10","15.4","","7.9","","11.7","","24.4","","0.6","","66.8","","0.0","","66.8","","0","",,"",,""
"1971-11","1971","11","2.8","","-3.2","","-0.2","","13.3","","-12.2","","52.6","","19.1","","71.6","","","M",,"",,""
"1971-12","1971","12","-1.9","","-10.9","","-6.4","","9.4","","-26.7","","36.1","","40.9","","77.0","","","M",,"",,""
"1972-01","1972","01","-4.2","","-16.7","","-10.5","","3.9","S","-34.4","","1.0","","65.3","","66.3","","","M",,"",,""
"1972-02","1972","02","-7.3","","-19.1","","-13.2","","1.1","","-30.6","","0.0","T","73.2","","73.2","","","M",,"",,""
"1972-03","1972","03","-2.8","","-14.3","","-8.6","","8.9","","-33.3","","3.6","","50.3","","53.8","","","M",,"",,""
"1972-04","1972","04","6.4","","-4.6","","0.9","","21.7","","-18.9","","26.9","","20.1","","47.0","","0","",,"",,""
"1972-05","1972","05","19.4","","6.4","","12.9","","29.4","S","-3.3","","34.3","","0.0","","34.3","","0","",,"",,""
"1972-06","1972","06","21.7","","9.3","","15.5","","28.9","","-1.1","","77.5","","0.0","","77.5","","0","",,"",,""
"1972-07","1972","07","24.7","","13.2","","19.0","","29.4","","6.7","S","81.0","","0.0","","81.0","","0","",,"",,""
"1972-08","1972","08","21.7","","12.3","","17.0","","27.8","","6.1","","115.6","","0.0","","115.6","","0","",,"",,""
"1972-09","1972","09","17.8","","7.7","","12.8","","25.6","","0.6","","107.2","","0.0","","107.2","","0","",,"",,""
"1972-10","1972","10","8.3","","1.7","","5.0","","21.1","","-6.7","","27.9","","9.7","","37.6","","0","",,"",,""
"1972-11","1972","11","1.8","","-3.2","","-0.7","","7.2","S","-11.1","","23.9","","9.4","","33.3","","","M",,"",,""
"1972-12","1972","12","-5.1","","-14.9","","-10.0","","5.0","","-28.9","S","11.2","","84.6","","95.8","","","M",,"",,""
"1973-01","1973","01","-4.0","","-13.3","","-8.7","","5.6","","-32.2","","14.5","","18.3","","32.8","","","M",,"",,""
"1973-02","1973","02","-6.1","","-16.8","","-11.5","","1.1","S","-28.9","","15.0","","15.7","","30.7","","","M",,"",,""
"1973-03","1973","03","5.1","","-2.1","","1.5","","11.7","S","-11.1","","56.9","","10.2","","67.1","","","M",,"",,""
"1973-04","1973","04","10.5","","-0.2","","5.2","","21.1","","-8.9","S","25.1","","7.1","","32.3","","0","",,"",,""
"1973-05","1973","05","15.7","","5.8","","10.8","","23.3","","0.0","S","94.0","","0.0","T","94.0","","0","",,"",,""
"1973-06","1973","06","22.2","","12.9","","17.6","","28.3","","4.4","S","100.3","","0.0","","100.3","","0","",,"",,""
"1973-07","1973","07","25.2","","15.1","","20.2","","31.7","","10.0","","77.5","","0.0","","77.5","","0","",,"",,""
"1973-08","1973","08","25.6","","16.4","","21.0","","31.1","S","8.3","","54.9","","0.0","","54.9","","0","",,"",,""
"1973-09","1973","09","18.7","","8.9","","13.8","","31.7","","-0.6","","32.3","","0.0","","32.3","","0","",,"",,""
"1973-10","1973","10","14.6","","6.2","","10.4","","21.1","S","0.0","","74.7","","0.0","T","74.7","","0","",,"",,""
"1973-11","1973","11","2.4","","-2.6","","-0.1","","9.4","","-7.8","S","34.8","","11.9","","46.7","","0","",,"",,""
"1973-12","1973","12","-4.8","","-11.8","","-8.3","","5.6","","-27.8","","20.1","","28.7","","48.8","","","M",,"",,""
"1974-01","1974","01","-5.8","","-15.9","","-10.9","","4.4","","-27.8","","36.6","","46.5","","83.1","","","M",,"",,""
"1974-02","1974","02","-7.2","","-19.4","","-13.3","","1.7","S","-29.4","","0.0","T","47.8","","47.8","","","M",,"",,""
"1974-03","1974","03","-0.5","","-9.6","","-5.1","","10.6","","-20.0","","12.7","","10.7","","23.4","","","M",,"",,""
"1974-04","1974","04","9.3","","-1.3","","4.0","","22.8","","-12.2","","55.1","","5.1","","60.2","","0","",,"",,""
"1974-05","1974","05","14.1","","4.6","","9.4","","23.9","","-1.7","S","77.2","","2.0","","79.2","","0","",,"",,""
"1974-06","1974","06","22.2","","11.7","","17.0","","28.3","","5.0","","68.3","","0.0","","68.3","","0","",,"",,""
"1974-07","1974","07","25.0","","14.6","","19.8","","31.7","","8.3","","71.9","","0.0","","71.9","","0","",,"",,""
"1974-08","1974","08","24.3","","13.8","","19.1","","30.6","","8.3","","94.5","","0.0","","94.5","","0","",,"",,""
"1974-09","1974","09","16.4","","6.8","","11.6","","23.3","","-1.1","","115.3","","6.4","","121.7","","0","",,"",,""
"1974-10","1974","10","9.5","","0.9","","5.2","","18.3","","-6.7","","115.8","","3.8","","119.6","","0","",,"",,""
"1974-11","1974","11","3.7","","-2.0","","0.9","","11.1","","-12.8","","30.7","","14.7","","45.5","","","M",,"",,""
"1974-12","1974","12","-1.2","","-8.8","","-5.0","","4.4","","-22.2","","0.0","T","86.1","","86.1","","","M",,"",,""
"1975-01","1975","01","-4.7","","-15.1","","-9.9","","6.7","S","-31.7","","32.0","","92.7","","124.7","","","M",,"",,""
"1975-02","1975","02","-3.6","","-14.6","","-9.1","","6.7","","-31.7","","12.7","","36.3","","49.0","","","M",,"",,""
"1975-03","1975","03","-0.1","","-12.5","","-6.3","","7.2","","-25.0","","3.0","","44.2","","47.2","","","M",,"",,""
"1975-04","1975","04","7.1","","-4.8","","1.2","","18.3","","-25.0","","29.7","","0.0","T","29.7","","0","",,"",,""
"1975-05","1975","05","22.1","","9.3","","15.7","","31.7","S","0.6","","63.2","","0.0","","63.2","","0","",,"",,""
"1975-06","1975","06","23.7","","13.1","","18.4","","31.7","","7.2","","45.2","","0.0","","45.2","","0","",,"",,""
"1975-07","1975","07","26.9","","15.3","","21.1","","37.8","","8.9","","27.2","","0.0","","27.2","","0","",,"",,""
"1975-08","1975","08","25.6","","14.0","","19.8","","35.6","","7.8","","18.0","","0.0","","18.0","","0","",,"",,""
"1975-09","1975","09","16.7","","7.9","","12.3","","23.3","","2.8","S","68.8","","0.0","","68.8","","0","",,"",,""
"1975-10","1975","10","12.6","","4.4","","8.5","","20.0","","-6.1","","59.7","","0.0","T","59.7","","","M",,"",,""
"1975-11","1975","11","6.4","","-1.4","","2.5","","16.1","","-16.7","","77.5","","20.8","","98.3","","","M",,"",,""
"1975-12","1975","12","-4.9","","-14.3","","-9.6","","10.6","","-31.1","","14.7","","29.2","","43.9","","","M",,"",,""
"1976-01","1976","01","-9.4","","-22.3","","-15.9","","0.6","","-35.6","","0.0","","65.3","","65.3","","","M",,"",,""
"1976-02","1976","02","-2.4","","-15.0","","-8.7","","7.2","","-32.2","","0.0","T","81.3","","81.3","","","M",,"",,""
"1976-03","1976","03","0.4","","-10.7","","-5.2","","9.4","","-24.4","","26.7","","33.8","","60.5","","","M",,"",,""
"1976-04","1976","04","11.5","","0.2","","5.9","","23.9","","-8.9","","13.2","","3.8","","17.0","","","M",,"",,""
"1976-05","1976","05","","M","","M","","M","","M","","M","","M","","M","","M","","M",,"",,""
"1976-06","1976","06","","M","","M","","M","","M","","M","","M","","M","","M","","M",,"",,""
"1976-07","1976","07","","M","","M","","M","","M","","M","","M","","M","","M","","M",,"",,""
"1976-08","1976","08","","M","","M","","M","","M","","M","","M","","M","","M","","M",,"",,""
"1976-09","1976","09","18.6","","8.0","","13.3","","30.0","","-1.1","","120.9","","0.0","","120.9","","0","",,"",,""
"1976-10","1976","10","10.0","","1.4","","5.7","","22.2","S","-6.1","","50.3","","0.3","","50.5","","0","",,"",,""
"1976-11","1976","11","0.8","","-5.5","","-2.4","","7.2","","-21.1","","14.2","","43.2","","57.4","","0","",,"",,""
"1976-12","1976","12","-7.9","","-20.6","","-14.3","","2.8","","-33.9","","3.0","","66.5","","69.6","","","M",,"",,""
"1977-01","1977","01","-10.1","","-20.9","","-15.5","","-1.7","","-35.0","","0.0","","50.9","","50.9","","","M",,"",,""
"1977-02","1977","02","-4.9","","-13.0","","-9.0","","3.9","","-28.9","","6.7","","57.8","","64.5","","","M",,"",,""
"1977-03","1977","03","4.9","","-5.5","","-0.3","","15.0","S","-15.6","","51.4","","19.8","","71.2","","","M",,"",,""
"1977-04","1977","04","12.1","","-1.0","","5.6","","22.8","","-16.7","","30.1","","6.1","","36.2","","","M",,"",,""
"1977-05","1977","05","","M","","M","","M","","M","","M","","M","","M","","M","","M",,"",,""
"1977-06","1977","06","21.9","","10.5","","16.2","","27.8","S","2.2","","47.5","","0.0","","47.5","","0","",,"",,""
"1977-07","1977","07","25.5","","15.1","","20.3","","34.4","","10.0","S","102.5","","0.0","","102.5","","0","",,"",,""
"1977-08","1977","08","21.4","","12.4","","16.9","","27.2","","5.6","","101.8","","0.0","","101.8","","0","",,"",,""
"1977-09","1977","09","17.1","","9.6","","13.4","","22.2","","2.8","","125.9","","0.0","","125.9","","0","",,"",,""
"1977-10","1977","10","","M","","M","","M","","M","","M","","M","","M","","M","","M",,"",,""
"1977-11","1977","11","","M","","M","","M","","M","","M","","M","","M","","M","","M",,"",,""
"1977-12","1977","12","","M","","M","","M","","M","","M","","M","","M","","M","","M",,"",,""
