"Station Name","BLIND RIVER"
"Province","ONTARIO"
"Latitude","46.20"
"Longitude","-83.00"
"Elevation","183.20"
"Climate Identifier","6050801"
"WMO Identifier",""
"TC Identifier",""

"Legend"
"B","More than one occurrence and estimated"
"E","Estimated"
"M","Missing"
"S","More than one occurrence"
"T","Trace"
"[empty]","No data available"
"^","The value displayed is based on incomplete data"

"Date/Time","Year","Month","Mean Max Temp (°C)","Mean Max Temp Flag","Mean Min Temp (°C)","Mean Min Temp Flag","Mean Temp (°C)","Mean Temp Flag","Extr Max Temp (°C)","Extr Max Temp Flag","Extr Min Temp (°C)","Extr Min Temp Flag","Total Rain (mm)","Total Rain Flag","Total Snow (cm)","Total Snow Flag","Total Precip (mm)","Total Precip Flag","Snow Grnd Last Day (cm)","Snow Grnd Last Day Flag","Dir of Max Gust (10's deg)","Dir of Max Gust Flag","Spd of Max Gust (km/h)","Spd of Max Gust Flag"
"1926-01","1926","01","","","","","","","","","","","","M","","M","","M","","",,"",,""
"1926-02","1926","02","","","","","","","","","","","","M","","M","","M","","",,"",,""
"1926-03","1926","03","","","","","","","","","","","","M","","M","","M","","",,"",,""
"1926-04","1926","04","","","","","","","","","","","19.1","","0.0","","19.1","","","",,"",,""
"1926-05","1926","05","","","","","","","","","","","66.5","","0.0","","66.5","","","",,"",,""
"1926-06","1926","06","","","","","","","","","","","87.1","","0.0","","87.1","","","",,"",,""
"1926-07","1926","07","","","","","","","","","","","78.7","","0.0","","78.7","","","",,"",,""
"1926-08","1926","08","","","","","","","","","","","48.0","","0.0","","48.0","","","",,"",,""
"1926-09","1926","09","","","","","","","","","","","62.2","","0.0","","62.2","","","",,"",,""
"1926-10","1926","10","","","","","","","","","","","102.9","","0.0","","102.9","","","",,"",,""
"1926-11","1926","11","","","","","","","","","","","109.0","","44.5","","153.4","","","",,"",,""
"1926-12","1926","12","","","","","","","","","","","21.6","","35.6","","57.2","","","",,"",,""
"1927-01","1927","01","","","","","","","","","","","3.8","","50.3","","54.1","","","",,"",,""
"1927-02","1927","02","","","","","","","","","","","0.8","","42.7","","43.4","","","",,"",,""
"1927-03","1927","03","","","","","","","","","","","67.1","","8.9","","75.9","","","",,"",,""
"1927-04","1927","04","","","","","","","","","","","50.3","","0.8","","51.1","","","",,"",,""
"1927-05","1927","05","","","","","","","","","","","100.3","","0.0","","100.3","","","",,"",,""
"1927-06","1927","06","","","","","","","","","","","56.6","","0.0","","56.6","","","",,"",,""
"1927-07","1927","07","","","","","","","","","","","65.5","","0.0","","65.5","","","",,"",,""
"1927-08","1927","08","","","","","","","","","","","10.7","","0.0","","10.7","","","",,"",,""
"1927-09","1927","09","","","","","","","","","","","88.6","","0.0","","88.6","","","",,"",,""
"1927-10","1927","10","","","","","","","","","","","82.0","","0.0","","82.0","","","",,"",,""
"1927-11","1927","11","","","","","","","","","","","77.2","","15.5","","92.7","","","",,"",,""
"1927-12","1927","12","","","","","","","","","","","42.7","","35.1","","77.7","","","",,"",,""
"1928-01","1928","01","","","","","","","","","","","11.2","","29.2","","40.4","","","",,"",,""
"1928-02","1928","02","","","","","","","","","","","3.0","","66.3","","69.3","","","",,"",,""
"1928-03","1928","03","","","","","","","","","","","29.5","","40.6","","70.1","","","",,"",,""
"1928-04","1928","04","","","","","","","","","","","70.9","","33.0","","103.9","","","",,"",,""
"1928-05","1928","05","","","","","","","","","","","34.0","","0.0","","34.0","","","",,"",,""
"1928-06","1928","06","","","","","","","","","","","79.5","","0.0","","79.5","","","",,"",,""
"1928-07","1928","07","","","","","","","","","","","97.5","","0.0","","97.5","","","",,"",,""
"1928-08","1928","08","","","","","","","","","","","87.9","","0.0","","87.9","","","",,"",,""
"1928-09","1928","09","","","","","","","","","","","126.5","","0.0","","126.5","","","",,"",,""
"1928-10","1928","10","","","","","","","","","","","144.8","","0.0","","144.8","","","",,"",,""
"1928-11","1928","11","","","","","","","","","","","15.5","","8.4","","23.9","","","",,"",,""
"1928-12","1928","12","","","","","","","","","","","2.0","","14.0","","16.0","","","",,"",,""
"1929-01","1929","01","","M","","M","","M","","M","","M","0.0","","91.4","","91.4","","","",,"",,""
"1929-02","1929","02","","M","","M","","M","","M","","M","0.0","","13.0","","13.0","","","",,"",,""
"1929-03","1929","03","","M","","M","","M","","M","","M","38.4","","27.9","","66.3","","","",,"",,""
"1929-04","1929","04","","M","","M","","M","","M","","M","52.3","","12.7","","65.0","","","",,"",,""
"1929-05","1929","05","","M","","M","","M","","M","","M","75.2","","7.6","","82.8","","","",,"",,""
"1929-06","1929","06","19.2","","11.9","","15.6","","","M","","M","115.8","","0.0","","115.8","","","",,"",,""
"1929-07","1929","07","23.0","","13.9","","18.5","","28.3","","5.6","","74.7","","0.0","","74.7","","","",,"",,""
"1929-08","1929","08","21.6","","11.8","","16.7","","27.2","","5.6","","36.8","","0.0","","36.8","","","",,"",,""
"1929-09","1929","09","19.1","","8.7","","13.9","","28.3","S","-1.1","","64.5","","0.0","","64.5","","","",,"",,""
"1929-10","1929","10","11.2","","2.4","","6.8","","17.8","","-6.7","S","111.8","","0.8","","112.5","","","",,"",,""
"1929-11","1929","11","2.6","","-5.9","","-1.7","","10.0","","-26.1","","28.4","","18.8","","47.2","","","",,"",,""
"1929-12","1929","12","-5.3","","-12.9","","-9.1","","1.7","","-23.9","","3.3","","55.1","","58.4","","","",,"",,""
"1930-01","1930","01","-6.4","","-15.8","","-11.1","","2.8","S","-31.1","","9.9","","40.9","","50.8","","","",,"",,""
"1930-02","1930","02","-2.5","","-13.1","","-7.8","","8.3","","-33.3","","19.1","","34.0","","53.1","","","",,"",,""
"1930-03","1930","03","1.0","","-9.6","","-4.3","","5.6","S","-20.0","","16.5","","34.8","","51.3","","","",,"",,""
"1930-04","1930","04","8.2","","-0.9","","3.7","","16.7","","-7.2","S","46.2","","3.6","","49.8","","","",,"",,""
"1930-05","1930","05","17.6","","7.6","","12.6","","24.4","","-1.1","","63.0","","1.3","","64.3","","","",,"",,""
"1930-06","1930","06","21.3","","12.0","","16.7","","28.3","S","3.3","","143.5","","0.0","","143.5","","","",,"",,""
"1930-07","1930","07","23.6","","14.3","","19.0","","27.8","S","5.0","","55.9","","0.0","","55.9","","","",,"",,""
"1930-08","1930","08","25.3","","16.6","","21.0","","30.0","","8.3","","18.0","","0.0","","18.0","","","",,"",,""
"1930-09","1930","09","19.4","","11.8","","15.6","","26.7","","3.9","","69.3","","0.0","","69.3","","","",,"",,""
"1930-10","1930","10","11.2","","4.8","","8.0","","20.6","S","-6.7","","54.6","","6.4","","61.0","","","",,"",,""
"1930-11","1930","11","6.2","","-0.7","","2.8","","12.8","","-16.1","","51.1","","1.3","","52.3","","","",,"",,""
"1930-12","1930","12","-0.8","","-7.5","","-4.2","","7.2","","-24.4","","9.1","","15.7","","24.9","","","",,"",,""
"1931-01","1931","01","-3.3","","-11.8","","-7.6","","2.2","","-24.4","","0.0","","27.9","","27.9","","","",,"",,""
"1931-02","1931","02","-1.6","","-12.6","","-7.1","","3.3","","-27.2","","0.0","","16.5","","16.5","","","",,"",,""
"1931-03","1931","03","1.4","","-6.3","","-2.5","","7.2","","-15.0","","6.6","","9.7","","16.3","","","",,"",,""
"1931-04","1931","04","8.8","","-0.2","","4.3","","16.7","","-7.8","","36.6","","0.0","T","36.6","","","",,"",,""
"1931-05","1931","05","16.3","","7.1","","11.7","","22.8","S","-1.1","S","64.5","","0.0","","64.5","","","",,"",,""
"1931-06","1931","06","22.2","","15.1","","18.7","","29.4","S","7.8","","86.6","","0.0","","86.6","","","",,"",,""
"1931-07","1931","07","26.2","","17.6","","21.9","","32.2","","10.0","","72.6","","0.0","","72.6","","","",,"",,""
"1931-08","1931","08","23.9","","14.4","","19.2","","28.9","","7.8","","36.1","","0.0","","36.1","","","",,"",,""
"1931-09","1931","09","21.4","","14.8","","18.1","","32.2","","2.8","","148.3","","0.0","","148.3","","","",,"",,""
"1931-10","1931","10","15.7","","5.6","","10.7","","22.8","","-3.3","","79.2","","0.0","","79.2","","","",,"",,""
"1931-11","1931","11","9.4","","0.5","","5.0","","15.6","S","-8.3","","110.0","","0.0","","110.0","","","",,"",,""
"1931-12","1931","12","1.4","","-6.6","","-2.6","","6.7","","-20.0","","40.6","","10.2","","50.8","","","",,"",,""
"1932-01","1932","01","1.1","","-5.9","","-2.4","","6.7","","-18.9","","94.5","","31.2","","125.7","","","",,"",,""
"1932-02","1932","02","-1.7","","-10.1","","-5.9","","6.7","","-24.4","","33.8","","40.1","","73.9","","","",,"",,""
"1932-03","1932","03","-0.5","","-9.8","","-5.2","","7.8","","-21.7","","16.0","","16.5","","32.5","","","",,"",,""
"1932-04","1932","04","11.0","","-1.3","","4.9","","20.0","S","-13.3","","60.2","","11.4","","71.6","","","",,"",,""
"1932-05","1932","05","15.4","","8.2","","11.8","","21.7","","-2.2","","51.3","","0.0","","51.3","","","",,"",,""
"1932-06","1932","06","23.1","","14.4","","18.8","","28.9","S","8.9","","68.6","","0.0","","68.6","","","",,"",,""
"1932-07","1932","07","23.8","","16.4","","20.1","","27.8","","7.2","","69.9","","0.0","","69.9","","","",,"",,""
"1932-08","1932","08","24.3","","15.2","","19.8","","28.9","S","9.4","","89.4","","0.0","","89.4","","","",,"",,""
"1932-09","1932","09","20.6","","12.1","","16.4","","27.8","","1.7","S","65.3","","0.0","","65.3","","","",,"",,""
"1932-10","1932","10","12.7","","3.4","","8.1","","20.0","","-3.9","","117.9","","0.0","","117.9","","","",,"",,""
"1932-11","1932","11","2.8","","-4.5","","-0.9","","10.6","S","-20.6","","42.7","","22.9","","65.5","","","",,"",,""
"1932-12","1932","12","-1.8","","-8.3","","-5.1","","6.1","","-28.3","","53.6","","43.2","","96.8","","","",,"",,""
"1933-01","1933","01","-1.1","","-9.0","","-5.1","","3.9","","-17.8","S","35.3","","10.2","","45.5","","","",,"",,""
"1933-02","1933","02","-4.0","","-13.6","","-8.8","","3.9","","-30.0","","15.2","","66.0","","81.3","","","",,"",,""
"1933-03","1933","03","1.0","","-8.9","","-4.0","","6.1","","-21.1","S","27.4","","35.6","","63.0","","","",,"",,""
"1933-04","1933","04","7.9","","-0.6","","3.7","","20.6","","-5.6","","67.8","","23.4","","91.2","","","",,"",,""
"1933-05","1933","05","16.9","","7.2","","12.1","","24.4","","0.6","S","155.7","","0.0","","155.7","","","",,"",,""
"1933-06","1933","06","23.8","","14.4","","19.1","","33.3","","0.0","","43.2","","0.0","","43.2","","","",,"",,""
"1933-07","1933","07","24.7","","16.9","","20.8","","29.4","","10.0","S","118.1","","0.0","","118.1","","","",,"",,""
"1933-08","1933","08","23.9","","17.8","","20.9","","30.0","","8.3","","28.4","","0.0","","28.4","","","",,"",,""
"1933-09","1933","09","21.1","","12.8","","17.0","","25.6","","1.1","","44.7","","0.0","","44.7","","","",,"",,""
"1933-10","1933","10","11.9","","3.5","","7.7","","17.8","","-1.1","S","111.5","","1.3","","112.8","","","",,"",,""
"1933-11","1933","11","2.7","","-4.4","","-0.9","","10.0","","-22.8","","7.4","","63.5","","70.9","","","",,"",,""
"1933-12","1933","12","-5.2","","-14.0","","-9.6","","5.6","S","-35.0","","17.3","","27.9","","45.2","","","",,"",,""
"1934-01","1934","01","-3.4","","-12.2","","-7.8","","3.3","","-31.7","","20.3","","14.0","","34.3","","","",,"",,""
"1934-02","1934","02","-9.0","","-23.1","","-16.1","","0.0","","-37.2","S","0.0","","27.9","","27.9","","","",,"",,""
"1934-03","1934","03","-1.7","","-11.1","","-6.4","","5.0","","-27.2","","0.0","","59.7","","59.7","","","",,"",,""
"1934-04","1934","04","5.6","","-2.5","","1.6","","15.6","","-7.8","","72.6","","8.9","","81.5","","","",,"",,""
"1934-05","1934","05","16.8","","6.4","","11.6","","26.7","S","-2.2","","37.6","","0.0","","37.6","","","",,"",,""
"1934-06","1934","06","22.1","","12.2","","17.2","","28.3","","0.6","","45.0","","0.0","","45.0","","","",,"",,""
"1934-07","1934","07","25.7","","17.0","","21.4","","31.1","","5.6","","15.0","","0.0","","15.0","","","",,"",,""
"1934-08","1934","08","21.6","","12.7","","17.2","","28.9","","3.9","","52.3","","0.0","","52.3","","","",,"",,""
"1934-09","1934","09","18.5","","12.0","","15.3","","21.7","","3.3","","138.7","","0.0","","138.7","","","",,"",,""
"1934-10","1934","10","11.9","","5.7","","8.8","","20.6","","-5.6","","79.0","","2.5","","81.5","","","",,"",,""
"1934-11","1934","11","","M","","M","","M","","M","","M","","M","","M","","M","","",,"",,""
"1934-12","1934","12","","M","","M","","M","","M","","M","","M","","M","","M","","",,"",,""
"1935-01","1935","01","","M","","M","","M","","M","","M","","M","","M","","M","","",,"",,""
"1935-02","1935","02","","M","","M","","M","","M","","M","","M","","M","","M","","",,"",,""
"1935-03","1935","03","","M","","M","","M","","M","","M","","M","","M","","M","","",,"",,""
"1935-04","1935","04","9.6","","0.5","","5.1","","16.7","","-8.9","","5.6","","7.6","","13.2","","","",,"",,""
"1935-05","1935","05","15.5","","4.2","","9.9","","23.3","","-2.2","S","31.8","","0.0","","31.8","","","",,"",,""
"1935-06","1935","06","20.1","","11.2","","15.7","","24.4","S","4.4","","88.4","","0.0","","88.4","","","",,"",,""
"1935-07","1935","07","26.9","","17.0","","22.0","","31.1","S","10.6","","21.3","","0.0","","21.3","","","",,"",,""
"1935-08","1935","08","24.3","","15.2","","19.8","","30.0","S","1.7","","25.1","","0.0","","25.1","","","",,"",,""
"1935-09","1935","09","17.8","","7.7","","12.8","","23.9","","-2.8","","77.5","","0.0","","77.5","","","",,"",,""
"1935-10","1935","10","9.9","","2.4","","6.2","","15.0","","-3.9","S","60.2","","0.0","","60.2","","","",,"",,""
"1935-11","1935","11","4.4","","-3.7","","0.4","","8.9","S","-12.8","","74.9","","33.8","","108.7","","","",,"",,""
"1935-12","1935","12","-3.4","","-11.8","","-7.6","","3.3","S","-25.0","S","8.6","","7.9","","16.5","","","",,"",,""
"1936-01","1936","01","-7.0","","-15.3","","-11.2","","2.2","","-30.0","","2.3","","54.6","","56.9","","","",,"",,""
"1936-02","1936","02","-8.8","","-25.1","","-17.0","","3.9","","-36.1","","0.8","","32.0","","32.8","","","",,"",,""
"1936-03","1936","03","1.3","","-7.9","","-3.3","","8.9","","-26.1","","51.1","","40.4","","91.4","","","",,"",,""
"1936-04","1936","04","4.9","","-3.4","","0.8","","12.2","","-13.3","S","54.1","","16.3","","70.4","","","",,"",,""
"1936-05","1936","05","16.9","","4.3","","10.6","","25.0","","-2.8","","91.9","","0.0","","91.9","","","",,"",,""
"1936-06","1936","06","20.6","","8.0","","14.3","","25.6","","1.7","","44.2","","0.0","","44.2","","","",,"",,""
"1936-07","1936","07","27.7","","15.3","","21.5","","36.7","S","4.4","","58.7","","0.0","","58.7","","","",,"",,""
"1936-08","1936","08","23.6","","13.7","","18.7","","29.4","","7.8","","159.5","","0.0","","159.5","","","",,"",,""
"1936-09","1936","09","20.1","","10.3","","15.2","","27.8","","-1.1","","178.3","","0.0","","178.3","","","",,"",,""
"1936-10","1936","10","10.1","","0.8","","5.5","","18.3","","-11.1","","156.7","","0.0","","156.7","","","",,"",,""
"1936-11","1936","11","","M","","M","","M","","M","","M","","M","","M","","M","","",,"",,""
"1936-12","1936","12","","M","","M","","M","","M","","M","","M","","M","","M","","",,"",,""
"1937-01","1937","01","-3.1","","-12.6","","-7.9","","3.3","","-22.2","","22.9","","43.9","","66.8","","","",,"",,""
"1937-02","1937","02","-2.3","","-11.4","","-6.9","","4.4","","-22.8","","24.1","","57.4","","81.5","","","",,"",,""
"1937-03","1937","03","-0.4","","-9.8","","-5.1","","4.4","","-21.1","","0.0","","14.7","","14.7","","","",,"",,""
"1937-04","1937","04","7.9","","-0.8","","3.6","","18.3","","-10.0","","72.9","","6.4","","79.2","","","",,"",,""
"1937-05","1937","05","17.5","","5.8","","11.7","","26.1","","-2.8","","34.3","","0.0","","34.3","","","",,"",,""
"1937-06","1937","06","22.3","","10.9","","16.6","","28.3","S","1.7","","34.3","","0.0","","34.3","","","",,"",,""
"1937-07","1937","07","25.8","","15.3","","20.6","","32.8","","7.8","","113.5","","0.0","","113.5","","","",,"",,""
"1937-08","1937","08","26.0","","16.4","","21.2","","29.4","","7.8","","75.2","","0.0","","75.2","","","",,"",,""
"1937-09","1937","09","18.7","","9.5","","14.1","","27.8","","0.0","","146.8","","0.0","","146.8","","","",,"",,""
"1937-10","1937","10","9.8","","2.7","","6.3","","17.2","","-5.0","","111.3","","0.0","T","111.3","","","",,"",,""
"1937-11","1937","11","4.8","","-1.4","","1.7","","10.0","S","-12.8","","68.6","","2.5","","71.1","","","",,"",,""
"1937-12","1937","12","-2.3","","-10.3","","-6.3","","3.3","","-18.9","S","7.1","","23.1","","30.2","","","",,"",,""
"1938-01","1938","01","-6.7","","-15.2","","-11.0","","4.4","","-29.4","","9.1","","40.6","","49.8","","","",,"",,""
"1938-02","1938","02","-3.1","","-14.3","","-8.7","","3.3","","-30.0","","7.4","","41.4","","48.8","","","",,"",,""
"1938-03","1938","03","2.5","","-7.6","","-2.6","","16.1","","-28.9","","112.0","","14.7","","126.7","","","",,"",,""
"1938-04","1938","04","9.1","","0.4","","4.8","","26.7","","-11.7","","86.1","","1.3","","87.4","","","",,"",,""
"1938-05","1938","05","16.6","","5.9","","11.3","","22.8","","0.0","","57.7","","0.0","","57.7","","","",,"",,""
"1938-06","1938","06","21.6","","11.6","","16.6","","28.3","S","2.2","","100.6","","0.0","","100.6","","","",,"",,""
"1938-07","1938","07","25.2","","15.4","","20.3","","28.9","","7.8","S","18.8","","0.0","","18.8","","","",,"",,""
"1938-08","1938","08","26.9","","17.9","","22.4","","31.7","","9.4","","67.8","","0.0","","67.8","","","",,"",,""
"1938-09","1938","09","18.6","","8.8","","13.7","","23.9","","1.1","","87.1","","0.0","","87.1","","","",,"",,""
"1938-10","1938","10","","M","","M","","M","","M","","M","","M","","M","","M","","",,"",,""
"1938-11","1938","11","","M","","M","","M","","M","","M","","M","","M","","M","","",,"",,""
"1938-12","1938","12","","M","","M","","M","","M","","M","","M","","M","","M","","",,"",,""
"1939-01","1939","01","","M","","M","","M","","M","","M","","M","","M","","M","","",,"",,""
"1939-02","1939","02","","M","","M","","M","","M","","M","","M","","M","","M","","",,"",,""
"1939-03","1939","03","","M","","M","","M","","M","","M","","M","","M","","M","","",,"",,""
"1939-04","1939","04","","M","","M","","M","","M","","M","","M","","M","","M","","",,"",,""
"1939-05","1939","05","17.1","","6.8","","12.0","","26.7","","-2.2","","48.8","","0.0","","48.8","","","",,"",,""
"1939-06","1939","06","21.7","","12.1","","16.9","","26.1","","4.4","","117.6","","0.0","","117.6","","","",,"",,""
"1939-07","1939","07","25.9","","14.9","","20.4","","30.6","S","7.2","","24.9","","0.0","","24.9","","","",,"",,""
"1939-08","1939","08","24.8","","15.4","","20.1","","28.3","","7.8","","95.3","","0.0","","95.3","","","",,"",,""
"1939-09","1939","09","19.8","","9.4","","14.6","","30.6","","-3.9","","55.9","","0.0","","55.9","","","",,"",,""
"1939-10","1939","10","12.2","","2.8","","7.5","","20.0","","-6.7","","65.8","","0.0","","65.8","","","",,"",,""
"1939-11","1939","11","4.6","","-4.0","","0.3","","14.4","","-9.4","S","0.0","","7.6","","7.6","","","",,"",,""
"1939-12","1939","12","-0.1","","-6.3","","-3.2","","5.6","S","-17.8","","14.0","","15.2","","29.2","","","",,"",,""
"1940-01","1940","01","-6.8","","-16.9","","-11.9","","1.7","S","-32.2","","0.0","","34.3","","34.3","","","",,"",,""
"1940-02","1940","02","-2.4","","-13.4","","-7.9","","3.9","","-25.6","","0.0","","40.6","","40.6","","","",,"",,""
"1940-03","1940","03","-1.1","","-11.3","","-6.2","","7.8","","-21.1","S","16.8","","15.2","","32.0","","","",,"",,""
"1940-04","1940","04","7.9","","-1.5","","3.2","","15.0","S","-11.7","","22.9","","21.6","","44.5","","","",,"",,""
"1940-05","1940","05","15.1","","5.4","","10.3","","22.2","","-0.6","","114.0","","0.0","","114.0","","","",,"",,""
"1940-06","1940","06","20.1","","11.7","","15.9","","25.6","","3.9","","106.9","","0.0","","106.9","","","",,"",,""
"1940-07","1940","07","24.7","","15.1","","19.9","","29.4","S","5.6","","87.1","","0.0","","87.1","","","",,"",,""
"1940-08","1940","08","23.5","","14.1","","18.8","","28.3","","3.3","","86.6","","0.0","","86.6","","","",,"",,""
"1940-09","1940","09","19.9","","10.3","","15.1","","26.1","","1.7","","70.6","","0.0","","70.6","","","",,"",,""
"1940-10","1940","10","11.7","","3.3","","7.5","","21.1","","-5.6","S","51.1","","0.0","","51.1","","","",,"",,""
"1940-11","1940","11","3.7","","-3.8","","-0.1","","11.1","S","-16.1","","51.8","","21.6","","73.4","","","",,"",,""
"1940-12","1940","12","-0.6","","-8.2","","-4.4","","5.6","S","-26.7","","5.6","","29.2","","34.8","","","",,"",,""
"1941-01","1941","01","-6.0","","-16.1","","-11.1","","0.6","","-29.4","","0.0","","35.6","","35.6","","","",,"",,""
"1941-02","1941","02","-2.8","","-11.7","","-7.3","","3.9","","-22.2","","10.7","","24.1","","34.8","","","",,"",,""
"1941-03","1941","03","0.0","","-9.9","","-5.0","","4.4","S","-20.0","","0.0","","20.3","","20.3","","","",,"",,""
"1941-04","1941","04","12.3","","2.4","","7.4","","23.3","","-11.1","","80.8","","0.0","","80.8","","","",,"",,""
"1941-05","1941","05","17.7","","8.7","","13.2","","24.4","","0.6","","50.8","","0.0","","50.8","","","",,"",,""
"1941-06","1941","06","24.2","","14.1","","19.2","","30.6","S","0.6","","47.2","","0.0","","47.2","","","",,"",,""
"1941-07","1941","07","26.4","","14.4","","20.4","","33.9","","6.7","","94.0","","0.0","","94.0","","","",,"",,""
"1941-08","1941","08","23.1","","14.9","","19.0","","30.0","","6.1","S","95.5","","0.0","","95.5","","","",,"",,""
"1941-09","1941","09","19.3","","10.2","","14.8","","26.7","","-1.7","","237.0","","0.0","","237.0","","","",,"",,""
"1941-10","1941","10","12.0","","4.7","","8.4","","19.4","","-5.6","","140.2","","0.0","","140.2","","","",,"",,""
"1941-11","1941","11","4.1","","-1.0","","1.6","","15.0","","-11.1","","48.5","","27.9","","76.5","","","",,"",,""
"1941-12","1941","12","-0.5","","-7.7","","-4.1","","10.6","","-21.7","","34.8","","40.6","","75.4","","","",,"",,""
"1942-01","1942","01","-4.6","","-14.3","","-9.5","","6.7","","-30.0","","0.0","","49.5","","49.5","","","",,"",,""
"1942-02","1942","02","-3.6","","-13.4","","-8.5","","3.3","","-26.7","","0.0","","34.3","","34.3","","","",,"",,""
"1942-03","1942","03","2.5","","-6.3","","-1.9","","8.9","","-17.2","","9.7","","50.8","","60.5","","","",,"",,""
"1942-04","1942","04","12.3","","0.7","","6.5","","23.9","S","-6.7","S","19.1","","12.7","","31.8","","","",,"",,""
"1942-05","1942","05","16.8","","6.6","","11.7","","20.6","","-0.6","","65.8","","0.0","","65.8","","","",,"",,""
"1942-06","1942","06","22.3","","11.6","","17.0","","27.8","S","1.7","","82.0","","0.0","","82.0","","","",,"",,""
"1942-07","1942","07","23.8","","15.7","","19.8","","28.3","S","5.6","","70.1","","0.0","","70.1","","","",,"",,""
"1942-08","1942","08","22.9","","14.2","","18.6","","29.4","S","5.0","S","54.1","","0.0","","54.1","","","",,"",,""
"1942-09","1942","09","22.9","","10.0","","16.5","","26.1","","-3.9","","131.1","","0.0","","131.1","","","",,"",,""
"1942-10","1942","10","14.7","","4.8","","9.8","","19.4","S","-2.2","","70.6","","12.7","","83.3","","","",,"",,""
"1942-11","1942","11","","M","","M","","M","","M","","M","","M","","M","","M","","",,"",,""
"1942-12","1942","12","","M","","M","","M","","M","","M","","M","","M","","M","","",,"",,""
"1943-01","1943","01","","M","","M","","M","","M","","M","","M","","M","","M","","",,"",,""
"1943-02","1943","02","","M","","M","","M","","M","","M","","M","","M","","M","","",,"",,""
"1943-03","1943","03","-2.5","","-11.9","","-7.2","","11.7","","-31.1","","11.7","","78.7","","90.4","","","",,"",,""
"1943-04","1943","04","5.6","","-3.1","","1.3","","14.4","","-12.2","S","23.9","","40.6","","64.5","","","",,"",,""
"1943-05","1943","05","16.4","","5.1","","10.8","","25.0","S","-3.9","","102.4","","0.0","","102.4","","","",,"",,""
"1943-06","1943","06","22.8","","10.9","","16.9","","28.3","","3.3","","220.2","","0.0","","220.2","","","",,"",,""
"1943-07","1943","07","25.6","","13.9","","19.8","","29.4","S","1.1","","51.1","","0.0","","51.1","","","",,"",,""
"1943-08","1943","08","25.0","","14.9","","20.0","","28.3","S","7.2","","40.4","","0.0","","40.4","","","",,"",,""
"1943-09","1943","09","20.5","","6.8","","13.7","","27.2","","1.1","S","83.6","","0.0","","83.6","","","",,"",,""
"1943-10","1943","10","13.2","","4.5","","8.9","","23.9","","-1.1","S","8.4","","12.7","","21.1","","","",,"",,""
"1943-11","1943","11","4.1","","-2.1","","1.0","","10.0","","-11.1","","71.4","","33.0","","104.4","","","",,"",,""
"1943-12","1943","12","","M","","M","","M","","M","","M","","M","","M","","M","","",,"",,""
"1944-01","1944","01","0.0","","-6.4","","-3.2","","5.6","","-12.2","S","25.7","","11.4","","37.1","","","",,"",,""
"1944-02","1944","02","-1.6","","-11.8","","-6.7","","2.2","S","-23.9","","11.9","","25.4","","37.3","","","",,"",,""
"1944-03","1944","03","-1.1","","-9.7","","-5.4","","6.7","","-21.1","","10.4","","57.2","","67.6","","","",,"",,""
"1944-04","1944","04","8.6","","-3.2","","2.7","","22.8","","-13.3","","25.4","","5.1","","30.5","","","",,"",,""
"1944-05","1944","05","19.2","","7.4","","13.3","","25.6","S","-1.1","S","33.0","","0.0","","33.0","","","",,"",,""
"1944-06","1944","06","22.9","","10.4","","16.7","","29.4","","3.9","","87.1","","0.0","","87.1","","","",,"",,""
"1944-07","1944","07","25.5","","14.8","","20.2","","30.6","S","7.8","","58.2","","0.0","","58.2","","","",,"",,""
"1944-08","1944","08","25.5","","14.8","","20.2","","30.6","S","4.4","","77.5","","0.0","","77.5","","","",,"",,""
"1944-09","1944","09","19.3","","11.0","","15.2","","24.4","","1.1","S","119.4","","0.0","","119.4","","","",,"",,""
"1944-10","1944","10","12.8","","3.3","","8.1","","18.9","","-6.1","","40.4","","0.0","","40.4","","","",,"",,""
"1944-11","1944","11","","M","","M","","M","","M","","M","","M","","M","","M","","",,"",,""
"1944-12","1944","12","","M","","M","","M","","M","","M","","M","","M","","M","","",,"",,""
"1945-01","1945","01","","M","","M","","M","","M","","M","","M","","M","","M","","",,"",,""
"1945-02","1945","02","-3.1","","-12.4","","-7.8","","2.8","","-23.3","","14.0","","35.6","","49.5","","","",,"",,""
"1945-03","1945","03","6.4","","-3.5","","1.5","","19.4","","-19.4","S","16.3","","20.3","","36.6","","","",,"",,""
"1945-04","1945","04","9.4","","1.6","","5.5","","17.8","","-15.6","","72.9","","3.8","","76.7","","","",,"",,""
"1945-05","1945","05","13.7","","4.8","","9.3","","20.0","","-2.8","","122.9","","0.0","","122.9","","","",,"",,""
"1945-06","1945","06","20.0","","10.7","","15.4","","28.3","","0.0","","62.2","","0.0","","62.2","","","",,"",,""
"1945-07","1945","07","23.3","","13.2","","18.3","","28.9","","6.1","","34.8","","0.0","","34.8","","","",,"",,""
"1945-08","1945","08","24.8","","16.4","","20.6","","31.7","","7.2","","36.6","","0.0","","36.6","","","",,"",,""
"1945-09","1945","09","18.4","","8.6","","13.5","","27.8","S","-3.3","","104.4","","0.0","","104.4","","","",,"",,""
"1945-10","1945","10","11.4","","3.1","","7.3","","18.9","S","-2.2","S","68.1","","0.0","","68.1","","","",,"",,""
"1945-11","1945","11","4.4","","-2.8","","0.8","","12.8","","-12.2","S","78.2","","44.7","","122.9","","","",,"",,""
"1945-12","1945","12","","M","","M","","M","","M","","M","","M","","M","","M","","",,"",,""
"1946-01","1946","01","","M","","M","","M","","M","","M","","M","","M","","M","","",,"",,""
"1946-02","1946","02","","M","","M","","M","","M","","M","","M","","M","","M","","",,"",,""
"1946-03","1946","03","7.4","","-3.0","","2.2","","20.6","","-16.7","","37.1","","3.8","","40.9","","","",,"",,""
"1946-04","1946","04","9.3","","0.0","","4.7","","18.9","","-7.2","","25.9","","11.4","","37.3","","","",,"",,""
"1946-05","1946","05","14.4","","6.9","","10.7","","21.1","S","-1.1","","85.9","","0.0","","85.9","","","",,"",,""
"1946-06","1946","06","20.4","","10.7","","15.6","","28.3","","1.1","","95.3","","0.0","","95.3","","","",,"",,""
"1946-07","1946","07","24.7","","16.5","","20.6","","29.4","","8.3","","18.3","","0.0","","18.3","","","",,"",,""
"1946-08","1946","08","22.3","","13.8","","18.1","","28.3","S","5.6","","119.4","","0.0","","119.4","","","",,"",,""
"1946-09","1946","09","18.8","","10.0","","14.4","","25.6","","1.7","","81.5","","0.0","","81.5","","","",,"",,""
"1946-10","1946","10","15.6","","7.0","","11.3","","23.3","","-2.8","","49.3","","0.0","","49.3","","","",,"",,""
"1946-11","1946","11","","M","","M","","M","","M","","M","","M","","M","","M","","",,"",,""
"1946-12","1946","12","","M","","M","","M","","M","","M","","M","","M","","M","","",,"",,""
"1947-01","1947","01","-1.7","","-14.7","","-8.2","","5.6","","-27.8","","","M","","M","","M","15","",,"",,""
"1947-02","1947","02","-4.3","","-15.1","","-9.7","","3.9","","-30.0","","0.0","","16.5","","16.5","","","M",,"",,""
"1947-03","1947","03","1.7","","-8.1","","-3.2","","7.8","","-15.6","","2.5","","14.0","","16.5","","","M",,"",,""
"1947-04","1947","04","5.5","","-2.4","","1.6","","12.8","","-10.6","","106.7","","5.1","","111.8","","","M",,"",,""
"1947-05","1947","05","12.8","","3.7","","8.3","","19.4","","-5.0","","119.1","","0.0","","119.1","","","M",,"",,""
"1947-06","1947","06","19.7","","9.7","","14.7","","25.0","","1.1","","64.8","","0.0","","64.8","","","M",,"",,""
"1947-07","1947","07","25.3","","16.8","","21.1","","29.4","S","1.7","","83.6","","0.0","","83.6","","","M",,"",,""
"1947-08","1947","08","26.9","","18.7","","22.8","","32.8","","7.2","","37.1","","0.0","","37.1","","","M",,"",,""
"1947-09","1947","09","19.7","","12.6","","16.2","","27.8","","-2.8","","125.5","","0.0","","125.5","","","M",,"",,""
"1947-10","1947","10","17.6","","8.8","","13.2","","22.2","S","1.7","","5.6","","0.0","","5.6","","","M",,"",,""
"1947-11","1947","11","4.7","","-2.4","","1.2","","15.0","S","-13.3","","28.7","","15.2","","43.9","","","M",,"",,""
"1947-12","1947","12","-2.4","","-9.4","","-5.9","","4.4","","-24.4","","0.0","","43.2","","43.2","","30","",,"",,""
"1948-01","1948","01","-6.7","","-15.7","","-11.2","","1.7","","-32.2","","0.0","","54.1","","54.1","","69","",,"",,""
"1948-02","1948","02","-5.2","","-14.7","","-10.0","","3.3","S","-30.0","","8.9","","21.6","","30.5","","51","",,"",,""
"1948-03","1948","03","-0.3","","-10.8","","-5.6","","9.4","","-30.0","","28.4","","17.8","","46.2","","","M",,"",,""
"1948-04","1948","04","10.5","","1.1","","5.8","","20.0","S","-9.4","","111.3","","2.5","","113.8","","","M",,"",,""
"1948-05","1948","05","15.8","","3.4","","9.6","","21.7","S","-2.2","","66.5","","2.5","","69.1","","","M",,"",,""
"1948-06","1948","06","21.7","","6.9","","14.3","","26.7","","-3.9","","78.2","","0.0","","78.2","","","M",,"",,""
"1948-07","1948","07","24.2","","13.7","","19.0","","29.4","","-0.6","","65.3","","0.0","","65.3","","","M",,"",,""
"1948-08","1948","08","25.6","","13.2","","19.4","","32.2","","5.6","","46.2","","0.0","","46.2","","","M",,"",,""
"1948-09","1948","09","22.4","","10.2","","16.3","","27.8","S","1.7","","31.8","","0.0","","31.8","","","M",,"",,""
"1948-10","1948","10","12.7","","2.8","","7.8","","22.2","","-3.3","","39.9","","0.0","","39.9","","","M",,"",,""
"1948-11","1948","11","","M","","M","","M","","M","","M","47.5","","","M","","M","","M",,"",,""
"1948-12","1948","12","0.9","","-4.8","","-2.0","","8.9","S","-21.1","","7.6","","20.3","","27.9","","","M",,"",,""
"1949-01","1949","01","-1.7","","-9.5","","-5.6","","6.1","","-26.7","","42.4","","59.7","","102.1","","","M",,"",,""
"1949-02","1949","02","-2.6","","-11.1","","-6.9","","5.6","S","-23.9","","0.0","","61.0","","61.0","","","M",,"",,""
"1949-03","1949","03","-0.2","","-7.8","","-4.0","","7.8","","-24.4","","17.5","","16.5","","34.0","","15","",,"",,""
"1949-04","1949","04","10.9","","-0.4","","5.3","","19.4","S","-5.6","S","21.3","","0.0","","21.3","","","M",,"",,""
"1949-05","1949","05","16.7","","3.4","","10.1","","26.1","S","-1.7","S","89.4","","0.0","","89.4","","","M",,"",,""
"1949-06","1949","06","22.8","","11.7","","17.3","","27.8","S","0.0","","147.6","","0.0","","147.6","","","M",,"",,""
"1949-07","1949","07","24.6","","14.3","","19.5","","29.4","S","7.2","","88.9","","0.0","","88.9","","","M",,"",,""
"1949-08","1949","08","25.0","","13.8","","19.4","","31.1","","7.2","","24.9","","0.0","","24.9","","","M",,"",,""
"1949-09","1949","09","17.2","","8.4","","12.8","","22.8","S","-0.6","","42.2","","0.0","","42.2","","","M",,"",,""
"1949-10","1949","10","14.9","","6.1","","10.5","","21.1","","-2.8","","34.3","","0.0","","34.3","","","M",,"",,""
"1949-11","1949","11","2.6","","-8.2","","-2.8","","11.1","S","-17.2","S","27.4","","40.6","","68.1","","5","",,"",,""
"1949-12","1949","12","-0.5","","-8.6","","-4.6","","7.2","","-18.3","","54.4","","11.2","","65.5","","0","",,"",,""
"1950-01","1950","01","-2.8","","-13.2","","-8.0","","5.6","","-25.6","S","110.2","","45.2","","155.4","","","M",,"",,""
"1950-02","1950","02","-4.4","","-13.6","","-9.0","","2.2","","-33.3","","0.0","","42.7","","42.7","","48","",,"",,""
"1950-03","1950","03","-0.6","","-11.7","","-6.2","","7.8","","-28.3","","38.1","","20.3","","58.4","","","M",,"",,""
"1950-04","1950","04","3.9","","-4.6","","-0.4","","11.7","S","-16.1","","29.5","","30.5","","59.9","","","M",,"",,""
"1950-05","1950","05","14.2","","4.7","","9.5","","23.3","","-2.8","","37.3","","0.0","","37.3","","","M",,"",,""
"1950-06","1950","06","19.8","","8.0","","13.9","","26.7","","1.1","","52.6","","0.0","","52.6","","","M",,"",,""
"1950-07","1950","07","21.9","","12.1","","17.0","","27.2","","5.0","","35.8","","0.0","","35.8","","","M",,"",,""
"1950-08","1950","08","20.7","","10.5","","15.6","","27.8","","2.2","","55.1","","0.0","","55.1","","","M",,"",,""
"1950-09","1950","09","16.1","","7.6","","11.9","","23.3","","0.0","","101.3","","0.0","","101.3","","","M",,"",,""
"1950-10","1950","10","13.0","","5.3","","9.2","","20.6","","-3.9","","48.3","","3.8","","52.1","","","M",,"",,""
"1950-11","1950","11","4.6","","-2.8","","0.9","","14.4","","-11.1","S","41.9","","34.3","","76.2","","","M",,"",,""
"1950-12","1950","12","-2.8","","-12.1","","-7.5","","2.8","","-31.7","","6.4","","61.7","","68.1","","","M",,"",,""
"1951-01","1951","01","-4.7","","-14.7","","-9.7","","3.9","S","-35.0","","0.0","","33.0","","33.0","","","M",,"",,""
"1951-02","1951","02","-2.8","","-11.7","","-7.3","","4.4","S","-36.7","","26.7","","61.0","","87.6","","","M",,"",,""
"1951-03","1951","03","2.0","","-6.8","","-2.4","","9.4","S","-20.6","","","M","","M","","M","","M",,"",,""
"1951-04","1951","04","8.8","","0.7","","4.8","","17.8","","-6.7","","49.5","","10.2","","59.7","","","M",,"",,""
"1951-05","1951","05","17.3","","5.9","","11.6","","23.9","S","-1.7","","41.7","","0.0","","41.7","","","M",,"",,""
"1951-06","1951","06","20.5","","9.8","","15.2","","25.0","","2.8","","57.2","","0.0","","57.2","","","M",,"",,""
"1951-07","1951","07","","M","","M","","M","","M","","M","","M","","M","","M","","M",,"",,""
"1951-08","1951","08","20.6","","10.5","","15.6","","24.4","","4.4","","91.7","","0.0","","91.7","","","M",,"",,""
"1951-09","1951","09","16.4","","7.6","","12.0","","23.3","","-2.2","","130.8","","0.0","","130.8","","","M",,"",,""
"1951-10","1951","10","11.3","","4.2","","7.8","","17.8","","-4.4","","116.1","","0.0","T","116.1","","","M",,"",,""
"1951-11","1951","11","2.1","","-5.2","","-1.6","","12.8","","-20.6","","67.6","","24.6","","92.2","","","M",,"",,""
"1951-12","1951","12","-2.0","","-10.7","","-6.4","","8.9","","-27.8","","27.7","","58.9","","86.6","","20","",,"",,""
"1952-01","1952","01","-3.1","","-13.0","","-8.1","","4.4","","-34.4","","19.1","","45.7","","64.8","","","",,"",,""
"1952-02","1952","02","-1.6","","-12.4","","-7.0","","3.9","","-23.3","S","2.5","","24.1","","26.7","","","",,"",,""
"1952-03","1952","03","0.5","","-8.4","","-4.0","","7.8","","-17.8","","27.9","","17.8","","45.7","","","",,"",,""
"1952-04","1952","04","10.3","","-1.6","","4.4","","23.9","","-16.1","","38.4","","0.8","","39.1","","","",,"",,""
"1952-05","1952","05","15.1","","4.9","","10.0","","22.8","","-0.6","","72.6","","0.0","","72.6","","","",,"",,""
"1952-06","1952","06","21.0","","10.1","","15.6","","26.7","","2.8","","65.5","","0.0","","65.5","","","",,"",,""
"1952-07","1952","07","26.9","","14.2","","20.6","","28.9","S","5.6","","150.9","","0.0","","150.9","","","",,"",,""
"1952-08","1952","08","23.5","","13.2","","18.4","","27.2","","3.9","","120.7","","0.0","","120.7","","","",,"",,""
"1952-09","1952","09","","M","","M","","M","","M","","M","","M","","M","","M","","",,"",,""
"1952-10","1952","10","","M","","M","","M","","M","","M","","M","","M","","M","","",,"",,""
"1952-11","1952","11","","M","","M","","M","","M","","M","","M","","M","","M","","",,"",,""
"1952-12","1952","12","3.6","","-6.4","","-1.4","","10.6","","-15.0","","","M","","M","","M","","",,"",,""
"1953-01","1953","01","-1.6","","-11.7","","-6.7","","5.0","","-27.8","","10.2","","52.1","","62.2","","","M",,"",,""
"1953-02","1953","02","-1.7","","-10.9","","-6.3","","5.0","","-26.7","","44.5","","26.9","","71.4","","41","",,"",,""
"1953-03","1953","03","1.6","","-7.2","","-2.8","","10.0","","-22.2","","41.9","","25.4","","67.3","","","M",,"",,""
"1953-04","1953","04","7.7","","-0.7","","3.5","","13.3","S","-6.7","","60.2","","0.0","T","60.2","","","M",,"",,""
"1953-05","1953","05","16.2","","2.7","","9.5","","27.2","","-7.2","","56.1","","0.0","","56.1","","","M",,"",,""
"1953-06","1953","06","20.5","","10.7","","15.6","","25.6","","4.4","","64.3","","0.0","","64.3","","","M",,"",,""
"1953-07","1953","07","","M","","M","","M","","M","","M","","M","","M","","M","","M",,"",,""
"1953-08","1953","08","24.1","","11.6","","17.9","","30.6","","5.6","","56.1","","0.0","","56.1","","","M",,"",,""
"1953-09","1953","09","18.3","","8.1","","13.2","","31.1","S","-0.6","","116.6","","0.0","","116.6","","","M",,"",,""
"1953-10","1953","10","14.1","","3.9","","9.0","","21.7","","-6.1","","24.4","","0.0","","24.4","","","M",,"",,""
"1953-11","1953","11","","M","","M","","M","","M","","M","","M","","M","","M","","M",,"",,""
"1953-12","1953","12","","M","","M","","M","","M","","M","","M","","M","","M","","M",,"",,""
"1954-01","1954","01","","M","","M","","M","","M","","M","","M","","M","","M","","",,"",,""
"1954-02","1954","02","","M","","M","","M","","M","","M","","M","","M","","M","","",,"",,""
"1954-03","1954","03","","M","","M","","M","","M","","M","","M","","M","","M","","",,"",,""
"1954-04","1954","04","8.0","","-1.7","","3.2","","16.1","","-20.6","","151.1","","5.1","","156.2","","","",,"",,""
"1954-05","1954","05","13.4","","2.8","","8.1","","19.4","S","-5.0","","52.6","","1.3","","53.8","","","",,"",,""
"1954-06","1954","06","21.2","","11.2","","16.2","","26.7","","3.9","","92.2","","0.0","","92.2","","","",,"",,""
"1954-07","1954","07","23.6","","12.1","","17.9","","28.9","S","5.6","","34.5","","0.0","","34.5","","","",,"",,""
"1954-08","1954","08","","M","","M","","M","","M","","M","","M","","M","","M","","",,"",,""
"1954-09","1954","09","16.8","","8.8","","12.8","","23.9","","1.7","","164.8","","0.0","","164.8","","","",,"",,""
"1954-10","1954","10","11.5","","3.7","","7.6","","17.8","","-4.4","","127.8","","0.0","","127.8","","","",,"",,""
"1954-11","1954","11","","M","","M","","M","","M","","M","","M","","M","","M","","",,"",,""
"1954-12","1954","12","","M","","M","","M","","M","","M","","M","","M","","M","","",,"",,""
"1955-01","1955","01","","","","","","","","","","","","","","","","","","",,"",,""
"1955-02","1955","02","","","","","","","","","","","","","","","","","","",,"",,""
"1955-03","1955","03","","","","","","","","","","","","","","","","","","",,"",,""
"1955-04","1955","04","","","","","","","","","","","","","","","","","","",,"",,""
"1955-05","1955","05","","","","","","","","","","","","","","","","","","",,"",,""
"1955-06","1955","06","","","","","","","","","","","","","","","","","","",,"",,""
"1955-07","1955","07","","","","","","","","","","","","","","","","","","",,"",,""
"1955-08","1955","08","","","","","","","","","","","","","","","","","","",,"",,""
"1955-09","1955","09","","","","","","","","","","","","","","","","","","",,"",,""
"1955-10","1955","10","","","","","","","","","","","","","","","","","","",,"",,""
"1955-11","1955","11","","","","","","","","","","","","","","","","","","",,"",,""
"1955-12","1955","12","","","","","","","","","","","","","","","","","","",,"",,""
"1956-01","1956","01","","M","","M","","M","","M","","M","","M","","M","","M","","M",,"",,""
"1956-02","1956","02","","M","","M","","M","","M","","M","","M","","M","","M","","M",,"",,""
"1956-03","1956","03","","M","","M","","M","","M","","M","","M","","M","","M","","M",,"",,""
"1956-04","1956","04","","M","","M","","M","","M","","M","","M","","M","","M","","M",,"",,""
"1956-05","1956","05","","M","","M","","M","","M","","M","","M","","M","","M","","M",,"",,""
"1956-06","1956","06","","M","","M","","M","","M","","M","","M","","M","","M","","M",,"",,""
"1956-07","1956","07","22.6","","12.1","","17.4","","27.2","","7.2","","76.2","","0.0","","76.2","","0","",,"",,""
"1956-08","1956","08","21.3","","11.6","","16.5","","25.6","S","5.0","","62.7","","0.0","","62.7","","0","",,"",,""
"1956-09","1956","09","15.1","","5.9","","10.5","","23.9","","-1.7","","133.6","","0.0","","133.6","","0","",,"",,""
"1956-10","1956","10","","M","3.8","","","M","","M","-2.2","","27.7","","0.0","","27.7","","0","",,"",,""
"1956-11","1956","11","","M","","M","","M","","M","","M","","M","","M","","M","","M",,"",,""
"1956-12","1956","12","","M","","M","","M","","M","","M","","M","","M","","M","","M",,"",,""
"1957-01","1957","01","","M","","M","","M","","M","","M","","M","","M","","M","","M",,"",,""
"1957-02","1957","02","","M","","M","","M","","M","","M","","M","","M","","M","","M",,"",,""
"1957-03","1957","03","","M","","M","","M","","M","","M","","M","","M","","M","","M",,"",,""
"1957-04","1957","04","","M","","M","","M","","M","","M","","M","","M","","M","","M",,"",,""
"1957-05","1957","05","14.5","","4.6","","9.6","","22.8","","-2.8","","71.1","","0.0","","71.1","","0","",,"",,""
"1957-06","1957","06","18.9","","9.8","","14.4","","26.7","","0.0","","74.7","","0.0","","74.7","","0","",,"",,""
"1957-07","1957","07","23.3","","11.1","","17.2","","31.1","","3.9","","22.4","","0.0","","22.4","","0","",,"",,""
"1957-08","1957","08","","M","","M","","M","","M","","M","36.1","","0.0","","36.1","","0","",,"",,""
"1957-09","1957","09","","M","","M","","M","","M","","M","124.0","","0.0","","124.0","","0","",,"",,""
"1957-10","1957","10","","M","","M","","M","","M","","M","100.1","","0.0","","100.1","","","M",,"",,""
"1957-11","1957","11","","M","","M","","M","","M","","M","","M","","M","","M","","M",,"",,""
"1957-12","1957","12","","M","","M","","M","","M","","M","","M","","M","","M","","M",,"",,""
"1958-01","1958","01","","","","","","","","","","","","","","","","","","",,"",,""
"1958-02","1958","02","","","","","","","","","","","","","","","","","","",,"",,""
"1958-03","1958","03","","","","","","","","","","","","","","","","","","",,"",,""
"1958-04","1958","04","","","","","","","","","","","","","","","","","","",,"",,""
"1958-05","1958","05","","","","","","","","","","","","","","","","","","",,"",,""
"1958-06","1958","06","","","","","","","","","","","","","","","","","","",,"",,""
"1958-07","1958","07","","","","","","","","","","","","","","","","","","",,"",,""
"1958-08","1958","08","","","","","","","","","","","","","","","","","","",,"",,""
"1958-09","1958","09","","","","","","","","","","","","","","","","","","",,"",,""
"1958-10","1958","10","","","","","","","","","","","","","","","","","","",,"",,""
"1958-11","1958","11","","","","","","","","","","","","","","","","","","",,"",,""
"1958-12","1958","12","","","","","","","","","","","","","","","","","","",,"",,""
"1959-01","1959","01","","","","","","","","","","","","M","","M","","M","","",,"",,""
"1959-02","1959","02","","","","","","","","","","","","M","","M","","M","","",,"",,""
"1959-03","1959","03","","","","","","","","","","","","M","","M","","M","","",,"",,""
"1959-04","1959","04","","","","","","","","","","","","M","","M","","M","","",,"",,""
"1959-05","1959","05","","","","","","","","","","","40.4","","0.0","","40.4","","","",,"",,""
"1959-06","1959","06","","","","","","","","","","","73.4","","0.0","","73.4","","","",,"",,""
"1959-07","1959","07","","","","","","","","","","","55.6","","0.0","","55.6","","","",,"",,""
"1959-08","1959","08","","","","","","","","","","","103.9","","0.0","","103.9","","","",,"",,""
"1959-09","1959","09","","","","","","","","","","","122.2","","0.0","","122.2","","","",,"",,""
"1959-10","1959","10","","","","","","","","","","","151.4","","0.0","","151.4","","","",,"",,""
"1959-11","1959","11","","","","","","","","","","","","M","","M","","M","","",,"",,""
"1959-12","1959","12","","","","","","","","","","","","M","","M","","M","","",,"",,""
