"Station Name","MISSISSAGI ONT HYDRO"
"Province","ONTARIO"
"Latitude","46.43"
"Longitude","-83.38"
"Elevation","225.60"
"Climate Identifier","6055210"
"WMO Identifier",""
"TC Identifier",""

"Legend"
"B","More than one occurrence and estimated"
"E","Estimated"
"M","Missing"
"S","More than one occurrence"
"T","Trace"
"[empty]","No data available"
"^","The value displayed is based on incomplete data"

"Date/Time","Year","Month","Mean Max Temp (°C)","Mean Max Temp Flag","Mean Min Temp (°C)","Mean Min Temp Flag","Mean Temp (°C)","Mean Temp Flag","Extr Max Temp (°C)","Extr Max Temp Flag","Extr Min Temp (°C)","Extr Min Temp Flag","Total Rain (mm)","Total Rain Flag","Total Snow (cm)","Total Snow Flag","Total Precip (mm)","Total Precip Flag","Snow Grnd Last Day (cm)","Snow Grnd Last Day Flag","Dir of Max Gust (10's deg)","Dir of Max Gust Flag","Spd of Max Gust (km/h)","Spd of Max Gust Flag"
"1970-01","1970","01","","","","","","","","","","","","M","","M","","M","","M",,"",,""
"1970-02","1970","02","","","","","","","","","","","","M","","M","","M","","M",,"",,""
"1970-03","1970","03","","","","","","","","","","","","M","","M","","M","","M",,"",,""
"1970-04","1970","04","","","","","","","","","","","","M","","M","","M","","M",,"",,""
"1970-05","1970","05","","","","","","","","","","","","M","","M","","M","","M",,"",,""
"1970-06","1970","06","","","","","","","","","","","","M","","M","","M","","M",,"",,""
"1970-07","1970","07","","","","","","","","","","","","M","","M","","M","","M",,"",,""
"1970-08","1970","08","","","","","","","","","","","","M","0.0","","","M","0","",,"",,""
"1970-09","1970","09","","","","","","","","","","","195.3","","0.0","","195.3","","0","",,"",,""
"1970-10","1970","10","","","","","","","","","","","102.9","","0.0","","102.9","","0","",,"",,""
"1970-11","1970","11","","","","","","","","","","","75.2","","20.3","","95.5","","0","",,"",,""
"1970-12","1970","12","","","","","","","","","","","17.5","","33.0","","50.5","","","M",,"",,""
"1971-01","1971","01","","","","","","","","","","","0.0","","89.9","","89.9","","","M",,"",,""
"1971-02","1971","02","","","","","","","","","","","31.0","","63.5","","94.5","","","M",,"",,""
"1971-03","1971","03","","","","","","","","","","","49.3","","39.1","","88.4","","","M",,"",,""
"1971-04","1971","04","","","","","","","","","","","24.6","","13.0","","37.6","","0","",,"",,""
"1971-05","1971","05","","","","","","","","","","","97.3","","0.0","","97.3","","0","",,"",,""
"1971-06","1971","06","","","","","","","","","","","49.8","","0.0","","49.8","","0","",,"",,""
"1971-07","1971","07","","","","","","","","","","","96.8","","0.0","","96.8","","0","",,"",,""
"1971-08","1971","08","","","","","","","","","","","66.0","","0.0","","66.0","","0","",,"",,""
"1971-09","1971","09","","","","","","","","","","","77.2","","0.0","","77.2","","0","",,"",,""
"1971-10","1971","10","","","","","","","","","","","45.7","","0.0","","45.7","","0","",,"",,""
"1971-11","1971","11","","","","","","","","","","","38.4","","14.7","","53.1","","0","",,"",,""
"1971-12","1971","12","","","","","","","","","","","61.0","","54.1","","115.1","","","M",,"",,""
"1972-01","1972","01","","","","","","","","","","","11.2","","59.9","","71.1","","","M",,"",,""
"1972-02","1972","02","","","","","","","","","","","0.0","","72.4","","72.4","","","M",,"",,""
"1972-03","1972","03","","","","","","","","","","","5.6","","36.8","","42.4","","","M",,"",,""
"1972-04","1972","04","","","","","","","","","","","51.3","","5.1","","56.4","","0","",,"",,""
"1972-05","1972","05","","","","","","","","","","","68.1","","0.0","","68.1","","0","",,"",,""
"1972-06","1972","06","","","","","","","","","","","35.6","","0.0","","35.6","","0","",,"",,""
"1972-07","1972","07","","","","","","","","","","","64.8","","0.0","","64.8","","0","",,"",,""
"1972-08","1972","08","","","","","","","","","","","194.1","","0.0","","194.1","","0","",,"",,""
"1972-09","1972","09","","","","","","","","","","","81.5","","0.0","","81.5","","0","",,"",,""
"1972-10","1972","10","","","","","","","","","","","34.5","","0.0","T","34.5","","0","",,"",,""
"1972-11","1972","11","","","","","","","","","","","39.1","","3.6","","42.7","","","M",,"",,""
"1972-12","1972","12","","","","","","","","","","","14.5","","75.4","","89.9","","","M",,"",,""
"1973-01","1973","01","","","","","","","","","","","22.6","","20.8","","43.4","","","M",,"",,""
"1973-02","1973","02","","","","","","","","","","","14.5","","22.6","","37.1","","","M",,"",,""
"1973-03","1973","03","","","","","","","","","","","39.1","","0.0","","39.1","","0","",,"",,""
"1973-04","1973","04","","","","","","","","","","","53.6","","3.8","","57.4","","0","",,"",,""
"1973-05","1973","05","","","","","","","","","","","132.8","","0.0","T","132.8","","0","",,"",,""
"1973-06","1973","06","","","","","","","","","","","91.2","","0.0","","91.2","","0","",,"",,""
"1973-07","1973","07","","","","","","","","","","","132.3","","0.0","","132.3","","0","",,"",,""
"1973-08","1973","08","","","","","","","","","","","144.3","","0.0","","144.3","","0","",,"",,""
"1973-09","1973","09","","","","","","","","","","","49.3","","0.0","","49.3","","0","",,"",,""
"1973-10","1973","10","","","","","","","","","","","57.9","","0.0","T","57.9","","0","",,"",,""
"1973-11","1973","11","","","","","","","","","","","53.6","","7.1","","60.7","","","M",,"",,""
"1973-12","1973","12","","","","","","","","","","","31.8","","38.4","","70.1","","","M",,"",,""
"1974-01","1974","01","","","","","","","","","","","11.4","","35.8","","47.2","","","M",,"",,""
"1974-02","1974","02","","","","","","","","","","","0.0","","49.5","","49.5","","","M",,"",,""
"1974-03","1974","03","","","","","","","","","","","7.4","","42.7","","50.0","","","M",,"",,""
"1974-04","1974","04","","","","","","","","","","","81.3","","6.4","","87.6","","","M",,"",,""
"1974-05","1974","05","","","","","","","","","","","51.3","","0.8","","52.1","","0","",,"",,""
"1974-06","1974","06","","","","","","","","","","","75.7","","0.0","","75.7","","0","",,"",,""
"1974-07","1974","07","","","","","","","","","","","41.9","","0.0","","41.9","","0","",,"",,""
"1974-08","1974","08","","","","","","","","","","","34.8","","0.0","","34.8","","0","",,"",,""
"1974-09","1974","09","","","","","","","","","","","131.1","","0.0","","131.1","","0","",,"",,""
"1974-10","1974","10","","","","","","","","","","","113.3","E","2.5","","115.8","E","","M",,"",,""
"1974-11","1974","11","","","","","","","","","","","38.4","","3.8","","42.2","","","M",,"",,""
"1974-12","1974","12","","","","","","","","","","","0.0","T","38.6","","38.6","","","M",,"",,""
"1975-01","1975","01","","","","","","","","","","","40.1","","88.6","","128.8","","","M",,"",,""
"1975-02","1975","02","","","","","","","","","","","6.1","","54.6","E","60.7","E","","M",,"",,""
"1975-03","1975","03","","","","","","","","","","","0.0","","56.1","","56.1","","","M",,"",,""
"1975-04","1975","04","","","","","","","","","","","91.2","","0.0","","91.2","","0","",,"",,""
"1975-05","1975","05","","","","","","","","","","","80.0","","0.0","","80.0","","0","",,"",,""
"1975-06","1975","06","","","","","","","","","","","102.6","","0.0","","102.6","","0","",,"",,""
"1975-07","1975","07","","","","","","","","","","","69.3","","0.0","","69.3","","0","",,"",,""
"1975-08","1975","08","","","","","","","","","","","37.6","","0.0","","37.6","","0","",,"",,""
"1975-09","1975","09","","","","","","","","","","","","M","","M","","M","","M",,"",,""
"1975-10","1975","10","","","","","","","","","","","31.8","","0.0","","31.8","","0","",,"",,""
"1975-11","1975","11","","","","","","","","","","","121.2","","3.3","","124.5","","","M",,"",,""
"1975-12","1975","12","","","","","","","","","","","15.0","","14.2","","29.2","","","M",,"",,""
"1976-01","1976","01","","M","","M","","M","","M","","M","0.0","","90.9","","90.9","","","M",,"",,""
"1976-02","1976","02","","M","","M","","M","","M","","M","1.0","","58.2","","59.2","","","M",,"",,""
"1976-03","1976","03","","M","","M","","M","","M","","M","82.0","","45.7","","127.8","","","M",,"",,""
"1976-04","1976","04","","M","","M","","M","","M","","M","40.6","E","6.1","","46.7","E","","M",,"",,""
"1976-05","1976","05","","M","","M","","M","","M","","M","49.5","","1.3","E","50.8","E","0","",,"",,""
"1976-06","1976","06","","M","","M","","M","","M","","M","48.3","","0.0","","48.3","","0","",,"",,""
"1976-07","1976","07","","M","","M","","M","","M","","M","59.4","","0.0","","59.4","","0","",,"",,""
"1976-08","1976","08","","M","","M","","M","","M","","M","45.2","","0.0","","45.2","","0","",,"",,""
"1976-09","1976","09","18.7","","5.3","","12.0","","31.1","","-3.3","","45.0","","0.0","","45.0","","0","",,"",,""
"1976-10","1976","10","9.7","","-0.2","","4.8","","24.4","","-4.4","","25.4","","7.1","","32.5","","","M",,"",,""
"1976-11","1976","11","0.8","","-7.0","","-3.1","","8.3","","-26.7","","6.4","","29.2","","35.6","","","M",,"",,""
"1976-12","1976","12","-6.9","","-21.7","","-14.3","","2.8","","-35.6","","0.0","","80.3","","80.3","","","M",,"",,""
"1977-01","1977","01","-8.8","","-21.6","","-15.2","","-1.7","S","-36.7","","0.0","","68.9","","68.9","","","M",,"",,""
"1977-02","1977","02","-4.0","","-14.7","","-9.4","","2.8","S","-30.0","","13.2","","61.8","","75.0","","","M",,"",,""
"1977-03","1977","03","5.1","","-8.2","","-1.6","","15.0","","-23.9","","80.6","","21.1","","101.7","","","M",,"",,""
"1977-04","1977","04","12.6","","-2.4","","5.1","","20.6","S","-20.0","","35.1","","22.4","","57.5","","","M",,"",,""
"1977-05","1977","05","22.4","","5.0","","13.7","","30.6","","-3.3","","34.8","","0.0","","34.8","","0","",,"",,""
"1977-06","1977","06","21.9","","7.9","","14.9","","26.7","S","0.0","","38.1","","0.0","","38.1","","0","",,"",,""
"1977-07","1977","07","25.4","","12.3","","18.9","","34.0","","5.5","","83.6","","0.0","","83.6","","0","",,"",,""
"1977-08","1977","08","21.2","","9.0","","15.1","","28.5","S","1.0","","95.8","E","0.0","","95.8","E","0","",,"",,""
"1977-09","1977","09","17.5","","9.3","","13.4","","23.5","","2.0","","114.4","","0.0","","114.4","","0","",,"",,""
"1977-10","1977","10","12.1","","1.8","","7.0","","18.5","","-7.0","","102.8","","0.0","","102.8","","0","",,"",,""
"1977-11","1977","11","5.0","","-3.5","","0.8","","15.0","","-23.0","","123.3","","16.3","","139.6","","","M",,"",,""
"1977-12","1977","12","-3.2","","-11.9","","-7.6","","7.0","","-28.5","","12.8","","60.7","","73.5","","","M",,"",,""
"1978-01","1978","01","-6.2","","-18.6","","-12.4","","2.0","","-31.0","","0.0","","62.8","","62.8","","","M",,"",,""
"1978-02","1978","02","-4.9","","-19.3","","-12.1","","1.0","","-32.0","S","0.0","","13.0","","13.0","","","M",,"",,""
"1978-03","1978","03","1.4","","-13.4","","-6.0","","10.5","","-27.0","","0.0","","31.0","","31.0","","","M",,"",,""
"1978-04","1978","04","7.7","","-2.9","","2.4","","20.0","","-11.0","","33.8","","8.0","","41.8","","","M",,"",,""
"1978-05","1978","05","21.0","","5.9","","13.5","","30.5","","-3.0","S","100.2","","0.0","","100.2","","0","",,"",,""
"1978-06","1978","06","21.8","","7.9","","14.9","","31.0","","-0.5","","75.1","","0.0","","75.1","","0","",,"",,""
"1978-07","1978","07","24.3","","11.4","","17.9","","28.0","","4.0","S","154.9","","0.0","","154.9","","0","",,"",,""
"1978-08","1978","08","23.5","","11.1","","17.3","","31.0","","3.5","","101.4","","0.0","","101.4","","0","",,"",,""
"1978-09","1978","09","17.7","","7.9","","12.8","","25.0","","-0.5","","152.6","","0.0","","152.6","","0","",,"",,""
"1978-10","1978","10","11.3","","2.0","","6.7","","18.0","S","-9.0","","95.7","","0.0","","95.7","","0","",,"",,""
"1978-11","1978","11","4.0","","-5.7","","-0.9","","17.0","S","-18.0","","45.7","","45.0","","90.7","","","M",,"",,""
"1978-12","1978","12","-3.6","","-13.4","","-8.5","","1.5","","-25.5","","0.0","","74.6","","74.6","","","M",,"",,""
"1979-01","1979","01","-7.7","","-17.5","","-12.6","","0.0","","-31.0","","0.0","","43.0","","43.0","","","",,"",,""
"1979-02","1979","02","-7.5","","-21.7","","-14.6","","9.0","","-39.0","","12.7","","44.8","","57.5","","","",,"",,""
"1979-03","1979","03","1.8","","-7.2","","-2.7","","9.0","","-25.5","","135.8","","17.0","","152.8","","","",,"",,""
"1979-04","1979","04","8.7","","-3.0","","2.9","","22.5","","-15.5","","90.3","","13.2","","103.5","","","",,"",,""
"1979-05","1979","05","15.8","","4.4","","10.1","","24.0","S","-4.0","","80.1","","0.0","","80.1","","","",,"",,""
"1979-06","1979","06","22.3","","8.5","","15.4","","27.5","","3.5","S","205.9","","0.0","","205.9","","","",,"",,""
"1979-07","1979","07","26.0","","12.3","","19.2","","31.5","","5.5","","68.3","","0.0","","68.3","","","",,"",,""
"1979-08","1979","08","22.1","","10.7","","16.4","","27.0","S","4.0","S","112.9","","0.0","","112.9","","","",,"",,""
"1979-09","1979","09","19.2","","7.2","","13.2","","27.0","S","-2.0","","61.4","","0.0","","61.4","","","",,"",,""
"1979-10","1979","10","10.2","","2.4","","6.3","","21.5","","-6.0","","203.2","","1.0","","204.2","","","",,"",,""
"1979-11","1979","11","3.8","","-2.4","","0.7","","12.5","","-15.5","","80.0","","15.5","","95.5","","","",,"",,""
"1979-12","1979","12","-0.6","","-9.5","","-5.1","","9.0","","-24.5","","24.4","","62.6","","87.0","","","",,"",,""
"1980-01","1980","01","-3.7","","-14.9","","-9.3","","6.0","","-29.5","","35.4","","78.7","","114.1","","","",,"",,""
"1980-02","1980","02","-4.7","","-17.7","","-11.2","","1.5","","-30.0","","0.0","","21.6","","21.6","","","",,"",,""
"1980-03","1980","03","1.5","","-11.8","","-5.2","","12.5","","-28.0","","0.0","T","21.0","","21.0","","","",,"",,""
"1980-04","1980","04","10.5","","0.0","","5.3","","20.0","S","-10.0","","121.9","","1.5","","123.4","","","",,"",,""
"1980-05","1980","05","20.5","","4.8","","12.7","","33.0","","-2.0","","48.5","","0.0","","48.5","","","",,"",,""
"1980-06","1980","06","21.1","","7.6","","14.4","","32.0","","-1.5","","127.9","","0.0","T","127.9","","","",,"",,""
"1980-07","1980","07","","M","","M","","M","","M","","M","","M","","M","","M","","",,"",,""
"1980-08","1980","08","","M","","M","","M","","M","","M","","M","","M","","M","","",,"",,""
"1980-09","1980","09","","M","","M","","M","","M","","M","","M","","M","","M","","",,"",,""
"1980-10","1980","10","9.1","","-0.5","","4.3","","17.0","","-11.5","","57.4","","0.5","","57.9","","","",,"",,""
"1980-11","1980","11","2.8","","-6.0","","-1.6","","9.0","","-17.5","","7.8","","37.5","","45.3","","","",,"",,""
"1980-12","1980","12","-5.7","","-17.4","","-11.6","","6.0","","-35.0","","1.0","","79.8","","80.8","","","",,"",,""
"1981-01","1981","01","-7.0","","-20.2","","-13.6","","4.5","S","-38.0","S","0.0","","25.6","","25.6","","","",,"",,""
"1981-02","1981","02","-1.2","","-12.3","","-6.8","","9.0","","-35.5","","15.6","","68.2","","83.8","","","",,"",,""
"1981-03","1981","03","3.5","","-7.7","","-2.1","","11.5","","-21.5","","18.2","","19.1","","37.3","","","",,"",,""
"1981-04","1981","04","11.2","","-1.1","","5.1","","18.0","","-10.0","","116.7","","0.0","T","116.7","","","",,"",,""
"1981-05","1981","05","18.3","E","4.0","","11.2","E","29.0","","-4.0","","42.0","","0.0","","42.0","","","",,"",,""
"1981-06","1981","06","21.6","","9.5","","15.6","","28.0","","0.0","","139.6","","0.0","","139.6","","","",,"",,""
"1981-07","1981","07","27.3","","11.9","","19.6","","34.0","","5.5","","12.3","","0.0","","12.3","","","",,"",,""
"1981-08","1981","08","25.2","","12.0","","18.6","","28.0","S","4.0","","84.9","","0.0","","84.9","","","",,"",,""
"1981-09","1981","09","17.7","","6.6","","12.2","","26.0","","-1.0","S","73.2","","0.0","","73.2","","","",,"",,""
"1981-10","1981","10","9.1","","0.7","","4.9","","15.5","S","-8.0","","128.7","","6.0","","134.7","","","",,"",,""
"1981-11","1981","11","6.4","","-4.2","","1.1","","15.5","","-14.5","","5.0","","7.0","","12.0","","","",,"",,""
"1981-12","1981","12","-2.2","E","-10.4","","-6.3","E","5.5","","-24.0","","25.3","","66.8","","92.1","","","",,"",,""
"1982-01","1982","01","-8.8","E","-24.6","","-16.7","E","-0.5","","-41.5","","0.0","","99.7","","99.7","","","",,"",,""
"1982-02","1982","02","-4.3","","-18.3","","-11.3","","3.0","","-30.5","","0.0","T","16.6","","16.6","","","",,"",,""
"1982-03","1982","03","0.9","","-10.6","","-4.9","","10.0","","-31.0","","32.5","","36.1","","68.6","","","",,"",,""
"1982-04","1982","04","","M","","M","","M","","M","","M","","M","","M","","M","","",,"",,""
"1982-05","1982","05","21.1","","6.9","","14.0","","28.0","","-1.0","S","41.4","","0.0","","41.4","","","",,"",,""
"1982-06","1982","06","20.6","","6.4","","13.5","","28.0","S","0.0","","26.9","","0.0","","26.9","","","",,"",,""
"1982-07","1982","07","26.1","","11.6","","18.9","","30.0","","5.0","S","64.8","","0.0","","64.8","","","",,"",,""
"1982-08","1982","08","22.3","","8.9","","15.6","","29.0","","-1.5","","76.2","","0.0","","76.2","","","",,"",,""
"1982-09","1982","09","17.5","","6.9","","12.2","","28.5","","-4.0","","138.0","","0.0","","138.0","","","",,"",,""
"1982-10","1982","10","13.3","","3.0","","8.2","","22.0","","-4.5","S","101.8","","0.0","","101.8","","","",,"",,""
"1982-11","1982","11","4.7","","-2.7","","1.0","","13.0","S","-14.5","","96.9","","27.3","","124.2","","","",,"",,""
"1982-12","1982","12","0.7","","-7.7","","-3.5","","14.0","","-26.0","","75.6","","39.3","","114.9","","","",,"",,""
"1983-01","1983","01","-3.4","","-13.7","","-8.6","","3.0","","-28.0","","8.0","","53.2","","61.2","","","M",,"",,""
"1983-02","1983","02","-0.9","","-11.5","","-6.2","","6.0","S","-31.5","","6.2","","27.5","","33.7","","","M",,"",,""
"1983-03","1983","03","2.9","","-6.0","","-1.6","","10.0","","-21.0","","29.5","","18.8","","48.3","","","M",,"",,""
"1983-04","1983","04","9.4","","-2.2","","3.6","","23.5","","-17.0","","88.3","","0.5","","88.8","","","M",,"",,""
"1983-05","1983","05","14.6","","1.9","","8.3","","25.0","","-5.5","","150.7","","0.0","","150.7","","","M",,"",,""
"1983-06","1983","06","24.3","","8.0","","16.2","","32.0","","-2.0","","37.7","","0.0","","37.7","","","M",,"",,""
"1983-07","1983","07","28.7","","13.9","","21.3","","35.0","","5.0","","35.3","","0.0","","35.3","","","M",,"",,""
"1983-08","1983","08","26.5","","14.3","","20.4","","31.0","","8.0","","131.1","","0.0","","131.1","","0","",,"",,""
"1983-09","1983","09","20.3","","8.7","","14.5","","31.0","","0.0","","85.9","","0.0","","85.9","","0","",,"",,""
"1983-10","1983","10","12.3","","1.9","","7.1","","22.5","","-7.0","","128.6","","0.0","","128.6","","","M",,"",,""
"1983-11","1983","11","3.8","","-3.5","","0.2","","12.5","","-15.0","","86.2","","10.0","","96.2","","","M",,"",,""
"1983-12","1983","12","-6.0","","-16.9","","-11.5","","4.0","","-38.0","","0.0","T","100.2","","100.2","","","M",,"",,""
"1984-01","1984","01","-7.7","","-20.4","","-14.1","","1.5","","-38.0","","0.0","","68.6","","68.6","","","M",,"",,""
"1984-02","1984","02","","M","","M","","M","","M","","M","","M","","M","","M","","M",,"",,""
"1984-03","1984","03","-0.1","","-12.5","","-6.3","","11.0","","-33.0","","42.7","","20.6","","63.3","","","M",,"",,""
"1984-04","1984","04","13.8","","0.3","","7.1","","21.5","","-6.0","S","40.2","","3.4","","43.6","","","M",,"",,""
"1984-05","1984","05","15.9","","1.9","","8.9","","24.0","","-5.5","","34.4","","0.0","T","34.4","","0","",,"",,""
"1984-06","1984","06","22.4","","9.9","","16.2","","29.5","","3.0","","125.5","","0.0","","125.5","","0","",,"",,""
"1984-07","1984","07","25.2","","11.5","","18.4","","31.0","","4.0","","63.2","","0.0","","63.2","","0","",,"",,""
"1984-08","1984","08","25.3","","13.1","","19.2","","30.0","S","5.0","","96.3","","0.0","","96.3","","0","",,"",,""
"1984-09","1984","09","17.8","","6.1","","12.0","","28.5","","-1.0","S","164.9","","0.0","","164.9","","","M",,"",,""
"1984-10","1984","10","13.5","","3.6","","8.6","","22.0","","-5.5","","143.0","","0.0","","143.0","","","M",,"",,""
"1984-11","1984","11","4.3","","-3.5","","0.4","","11.5","","-18.0","","108.2","","8.0","","116.2","","","M",,"",,""
"1984-12","1984","12","-1.4","","-10.3","","-5.9","","9.0","","-25.0","","43.0","E","76.2","","119.2","E","13","",,"",,""
"1985-01","1985","01","","M","","M","","M","","M","","M","","M","","M","","M","","M",,"",,""
"1985-02","1985","02","","M","","M","","M","","M","","M","","M","","M","","M","","M",,"",,""
"1985-03","1985","03","2.5","","-9.3","","-3.4","","10.0","S","-25.5","","36.5","","58.2","","94.7","","","M",,"",,""
"1985-04","1985","04","10.0","","-2.1","","4.0","","27.5","","-14.5","","64.7","","15.0","","79.7","","0","",,"",,""
"1985-05","1985","05","18.4","","3.1","","10.8","","26.0","","-6.0","","81.7","","0.0","","81.7","","0","",,"",,""
"1985-06","1985","06","20.9","","6.9","","13.9","","30.0","","0.0","","65.7","E","0.0","","65.7","E","0","",,"",,""
"1985-07","1985","07","24.6","","10.3","","17.5","","33.0","","3.0","S","62.2","","0.0","","62.2","","0","",,"",,""
"1985-08","1985","08","23.7","","10.8","","17.3","","30.0","","5.0","","126.1","","0.0","","126.1","","0","",,"",,""
"1985-09","1985","09","19.5","","8.5","","14.0","","28.0","","0.5","S","91.4","","0.0","","91.4","","0","",,"",,""
"1985-10","1985","10","13.1","E","2.0","","7.6","E","","M","-7.0","","85.4","E","0.0","","85.4","E","0","",,"",,""
"1985-11","1985","11","2.8","","-3.9","","-0.6","","15.0","S","-15.5","","107.6","","12.2","","119.8","","","M",,"",,""
"1985-12","1985","12","-6.3","","-17.0","E","-11.7","E","1.0","S","-36.0","","1.0","","109.2","","110.2","","","M",,"",,""
"1986-01","1986","01","-5.5","","-17.4","E","-11.5","E","5.0","","-34.5","","2.0","","44.2","","46.2","","","M",,"",,""
"1986-02","1986","02","-3.0","","-15.3","","-9.2","","3.0","","-27.5","","0.0","T","26.8","","26.8","","","M",,"",,""
"1986-03","1986","03","2.7","","-9.3","E","-3.3","E","16.5","","-26.0","","13.3","","51.6","","64.1","","","M",,"",,""
"1986-04","1986","04","12.4","","0.0","","6.2","","28.0","","-8.0","","29.3","","0.0","T","29.3","","","M",,"",,""
"1986-05","1986","05","20.4","","6.0","E","13.2","E","32.5","S","-9.0","","78.8","","0.0","","78.8","","0","",,"",,""
"1986-06","1986","06","21.2","","6.8","","14.0","","27.0","","-0.5","","57.6","","0.0","","57.6","","0","",,"",,""
"1986-07","1986","07","25.5","","12.7","","19.1","","31.0","","5.5","","129.5","","0.0","","129.5","","0","",,"",,""
"1986-08","1986","08","22.6","","9.8","E","16.2","E","28.0","","1.0","","67.3","","0.0","","67.3","","0","",,"",,""
"1986-09","1986","09","17.5","","7.6","","12.6","","25.5","","-1.3","","122.5","","0.0","","122.5","","0","",,"",,""
"1986-10","1986","10","11.9","","1.0","","6.5","","20.0","","-6.0","","83.1","","0.0","","83.1","","0","",,"",,""
"1986-11","1986","11","2.3","","-6.1","","-1.9","","14.0","","-20.0","S","20.1","","25.2","","45.3","","","M",,"",,""
"1986-12","1986","12","-0.5","","-7.3","E","-3.9","E","4.0","","-27.0","","10.7","","39.0","","49.7","","","M",,"",,""
"1987-01","1987","01","-2.9","","-12.1","","-7.5","","6.5","","-31.0","","0.6","","46.0","","46.6","","","M",,"",,""
"1987-02","1987","02","0.1","E","-13.4","","-6.7","E","7.5","","-31.5","","1.0","","28.6","","29.6","","","M",,"",,""
"1987-03","1987","03","5.6","","-8.7","","-1.6","","17.0","","-21.0","","27.1","","16.0","","43.1","","","M",,"",,""
"1987-04","1987","04","15.1","","0.6","","7.9","","24.5","","-11.5","","19.6","","13.2","","32.8","","0","",,"",,""
"1987-05","1987","05","19.2","","4.5","","11.9","","32.0","","-6.0","","52.3","","0.0","","52.3","","0","",,"",,""
"1987-06","1987","06","25.4","","10.4","","17.9","","33.0","","2.0","","51.4","","0.0","","51.4","","0","",,"",,""
"1987-07","1987","07","27.2","E","13.6","","20.4","E","32.0","S","5.0","S","72.3","","0.0","","72.3","","0","",,"",,""
"1987-08","1987","08","23.8","","11.0","","17.4","","33.0","","2.0","","89.7","","0.0","","89.7","","0","",,"",,""
"1987-09","1987","09","20.7","","8.1","","14.4","","27.0","","-1.0","","60.7","","0.0","","60.7","","0","",,"",,""
"1987-10","1987","10","9.9","","0.9","","5.4","","19.0","","-3.5","","82.7","","1.8","","84.5","","0","",,"",,""
"1987-11","1987","11","4.8","","-3.3","","0.8","","13.0","S","-15.0","","81.0","","4.0","E","85.0","E","","M",,"",,""
"1987-12","1987","12","0.2","","-8.2","","-4.0","","7.5","","-24.5","","36.7","","69.2","","105.9","","","M",,"",,""
"1988-01","1988","01","-4.9","","-16.5","E","-10.7","E","6.5","S","-39.5","","1.0","","82.4","","83.4","","44","",,"",,""
"1988-02","1988","02","-5.0","","-19.4","","-12.2","","4.5","S","-32.0","","0.0","T","47.6","","47.6","","57","",,"",,""
"1988-03","1988","03","1.3","","-12.2","","-5.5","","11.0","","-31.0","","46.1","","47.2","","93.3","","","M",,"",,""
"1988-04","1988","04","11.4","","-2.1","","4.7","","21.5","","-7.5","","68.0","","0.0","T","68.0","","0","",,"",,""
"1988-05","1988","05","21.2","","4.6","","12.9","","33.0","","-4.5","","96.8","","0.0","","96.8","","0","",,"",,""
"1988-06","1988","06","24.8","","8.4","","16.6","","34.0","","1.0","","26.6","","0.0","","26.6","","0","",,"",,""
"1988-07","1988","07","28.8","","13.4","","21.1","","37.5","","6.0","","74.6","","0.0","","74.6","","0","",,"",,""
"1988-08","1988","08","25.7","","13.1","","19.4","","34.0","","5.0","","173.8","","0.0","","173.8","","0","",,"",,""
"1988-09","1988","09","18.8","","7.3","","13.1","","26.0","","1.0","","86.6","","0.0","","86.6","","0","",,"",,""
"1988-10","1988","10","9.5","","0.1","","4.8","","20.0","","-5.0","S","193.9","","5.0","","198.9","","","M",,"",,""
"1988-11","1988","11","5.1","E","-1.8","","1.7","E","12.0","S","-10.0","S","206.2","","15.8","","222.0","","","M",,"",,""
"1988-12","1988","12","-3.0","E","-15.0","E","-9.0","E","7.5","","-35.0","","1.0","","119.8","","120.8","","","M",,"",,""
"1989-01","1989","01","-1.9","E","-14.7","","-8.3","E","6.0","S","-38.0","","0.0","T","88.5","","88.5","","","M",,"",,""
"1989-02","1989","02","-5.5","","-21.6","E","-13.6","E","5.0","","-33.5","","0.0","","64.6","","64.6","","","M",,"",,""
"1989-03","1989","03","-0.4","","-16.2","","-8.3","","15.0","","-32.0","","4.3","","72.8","","77.1","","","M",,"",,""
"1989-04","1989","04","8.6","E","-2.9","E","2.9","E","18.0","","-13.5","","27.1","E","38.2","","65.3","E","0","",,"",,""
"1989-05","1989","05","19.0","","5.0","E","12.0","E","28.0","","-5.0","","70.4","","0.0","","70.4","","0","",,"",,""
"1989-06","1989","06","22.2","E","8.3","","15.3","E","29.0","","-5.0","","96.9","","0.0","","96.9","","0","",,"",,""
"1989-07","1989","07","28.6","","11.2","","19.9","","33.5","","4.0","","8.7","","0.0","","8.7","","0","",,"",,""
"1989-08","1989","08","23.8","","10.7","","17.3","","30.5","","3.0","","64.4","","0.0","","64.4","","0","",,"",,""
"1989-09","1989","09","20.1","","6.8","","13.5","","27.0","","-5.5","","36.2","","0.0","","36.2","","0","",,"",,""
"1989-10","1989","10","12.6","","1.6","","7.1","","22.0","","-5.0","","63.8","","0.0","T","63.8","","0","",,"",,""
"1989-11","1989","11","1.2","","-8.4","","-3.6","","6.5","S","-26.0","","28.5","","77.8","","106.3","","","M",,"",,""
"1989-12","1989","12","-8.8","","-22.5","","-15.7","","0.0","","-32.5","","0.0","","80.0","","80.0","","","M",,"",,""
"1990-01","1990","01","-0.3","","-11.0","","-5.7","","3.0","S","-25.0","","4.0","","64.4","","68.4","","","M",,"",,""
"1990-02","1990","02","-2.5","","-14.8","","-8.7","","5.0","S","-33.0","","0.0","T","59.4","","59.4","","70","",,"",,""
"1990-03","1990","03","3.2","","-10.1","","-3.5","","17.0","S","-27.0","","40.3","","1.0","","41.3","","","M",,"",,""
"1990-04","1990","04","11.7","","-1.8","","5.0","","29.0","","-10.5","","22.1","","19.8","","41.9","","0","",,"",,""
"1990-05","1990","05","16.9","","2.6","","9.8","","26.0","S","-6.0","","136.0","","0.0","T","136.0","","0","",,"",,""
"1990-06","1990","06","22.6","","8.8","E","15.7","E","29.0","S","-0.5","","156.6","","0.0","","156.6","","0","",,"",,""
"1990-07","1990","07","25.3","","11.9","","18.6","","30.0","S","5.5","","99.7","","0.0","","99.7","","0","",,"",,""
"1990-08","1990","08","24.9","E","11.3","","18.1","E","28.5","","4.5","","30.0","","0.0","","30.0","","0","",,"",,""
"1990-09","1990","09","18.6","","7.9","","13.3","","28.0","","-2.0","","89.4","","0.0","","89.4","","0","",,"",,""
"1990-10","1990","10","11.2","","0.9","","6.1","","22.0","","-6.5","","129.3","","0.0","T","129.3","","0","",,"",,""
"1990-11","1990","11","5.9","","-3.8","","1.1","","20.0","","-12.0","","69.3","","16.2","","85.5","","","M",,"",,""
"1990-12","1990","12","-1.2","","-10.7","","-6.0","","7.5","","-28.5","","43.0","","60.2","","103.2","","","M",,"",,""
"1991-01","1991","01","-6.0","","-18.3","","-12.2","","2.5","","-31.0","","0.0","T","45.4","","45.4","","","M",,"",,""
"1991-02","1991","02","-0.9","","-15.3","","-8.1","","10.0","","-29.0","","0.0","","28.1","","28.1","","","M",,"",,""
"1991-03","1991","03","3.8","E","-8.3","E","-2.3","E","12.0","","-22.0","","122.4","","14.3","","136.7","","","M",,"",,""
"1991-04","1991","04","","M","","M","","M","","M","","M","","M","","M","","M","","M",,"",,""
"1991-05","1991","05","","M","","M","","M","","M","","M","","M","","M","","M","","M",,"",,""
"1991-06","1991","06","26.1","","10.2","","18.2","","33.0","","2.0","","37.2","","0.0","","37.2","","0","",,"",,""
"1991-07","1991","07","25.0","","11.3","E","18.2","E","34.0","","4.5","","130.0","","0.0","","130.0","","0","",,"",,""
"1991-08","1991","08","27.1","E","11.7","E","19.4","E","34.0","","5.0","S","18.6","","0.0","","18.6","","0","",,"",,""
"1991-09","1991","09","18.2","E","6.2","","12.2","E","27.0","","-6.0","","174.9","","0.0","","174.9","","0","",,"",,""
"1991-10","1991","10","11.5","","1.8","","6.6","","21.0","","-5.0","","184.2","","7.0","","191.2","","0","",,"",,""
"1991-11","1991","11","3.6","","-4.1","","-0.3","","12.0","","-19.5","","55.8","","44.7","","100.5","","","M",,"",,""
"1991-12","1991","12","-2.2","","-12.4","E","-7.3","E","5.5","","-26.0","","18.7","","63.7","","82.4","","","M",,"",,""
"1992-01","1992","01","-4.6","E","-14.3","","-9.7","E","5.5","E","-35.0","","3.0","E","69.4","","72.4","E","","M",,"",,""
"1992-02","1992","02","","M","-13.8","E","","M","","M","-32.0","","0.0","","41.3","","41.3","","","M",,"",,""
"1992-03","1992","03","","M","-12.6","","","M","","M","-25.5","S","14.4","","21.0","","35.4","","","M",,"",,""
"1992-04","1992","04","10.0","I","-3.9","","2.5","I","10.0","I","-17.0","","39.7","","5.0","","44.7","","","M",,"",,""
"1992-05","1992","05","20.0","I","2.4","E","11.4","I","29.0","I","-5.0","","31.7","","0.0","","31.7","","0","",,"",,""
"1992-06","1992","06","22.5","E","7.1","","14.8","E","31.0","","0.5","","53.9","","0.0","","53.9","","0","",,"",,""
"1992-07","1992","07","20.9","E","9.0","","15.0","E","27.5","","3.0","","119.0","","0.0","","119.0","","0","",,"",,""
"1992-08","1992","08","22.7","","9.5","E","16.1","E","29.0","","3.0","","85.9","","0.0","","85.9","","0","",,"",,""
"1992-09","1992","09","17.4","","6.3","","11.9","","24.0","","-3.0","","197.0","","0.0","","197.0","","0","",,"",,""
"1992-10","1992","10","10.7","","0.6","","5.6","","24.5","","-6.5","","55.3","","0.8","","56.1","","0","",,"",,""
"1992-11","1992","11","2.2","E","-4.7","","-1.2","E","9.5","","-18.0","","78.5","","15.8","","94.3","","","M",,"",,""
"1992-12","1992","12","-1.5","","-9.7","","-5.6","","7.0","","-27.0","","23.6","","102.9","","126.5","","","",,"",,""
"1993-01","1993","01","-4.2","","-16.5","E","-10.4","E","4.0","","-30.0","S","0.0","T","69.0","","69.0","","","",,"",,""
"1993-02","1993","02","-4.8","","-20.5","","-12.6","","5.0","","-30.0","","0.0","T","14.0","","14.0","","","",,"",,""
"1993-03","1993","03","3.4","","-10.2","","-3.4","","19.5","","-26.0","","4.0","","11.4","","15.4","","","",,"",,""
"1993-04","1993","04","9.3","","-2.6","","3.3","","17.0","S","-12.0","","88.8","","17.4","","106.2","","0","",,"",,""
"1993-05","1993","05","16.8","","3.6","","10.2","","30.0","","-2.0","","117.1","","0.0","","117.1","","0","",,"",,""
"1993-06","1993","06","21.5","","8.3","E","14.9","E","28.0","S","-1.0","","75.6","","0.0","","75.6","","0","",,"",,""
"1993-07","1993","07","25.5","","12.5","","19.1","","29.0","S","6.0","","88.2","","0.0","","88.2","","0","",,"",,""
"1993-08","1993","08","25.5","","12.9","","19.2","","32.0","","5.5","S","104.5","","0.0","","104.5","","0","",,"",,""
"1993-09","1993","09","16.6","","4.6","","10.6","","25.0","","-5.0","","179.0","","0.0","","179.0","","0","",,"",,""
"1993-10","1993","10","8.6","E","0.6","","4.6","E","15.0","S","-6.0","","130.7","","13.2","E","143.9","E","","",,"",,""
"1993-11","1993","11","2.3","","-6.6","","-2.1","","8.0","S","-18.0","","57.2","","37.9","","95.1","","","",,"",,""
"1993-12","1993","12","-1.6","","-11.0","","-6.3","","9.0","","-34.5","","30.6","","40.8","","71.4","","","",,"",,""
"1994-01","1994","01","-12.0","","-25.7","","-18.9","","-1.0","","-37.5","","0.0","","72.6","","72.6","","","M",,"",,""
"1994-02","1994","02","","M","","M","","M","","M","","M","","M","","M","","M","","M",,"",,""
"1994-03","1994","03","2.5","","-10.4","","-4.0","","10.0","","-22.0","","0.5","","29.0","","29.5","","","M",,"",,""
"1994-04","1994","04","8.8","","-3.2","","2.8","","23.0","","-13.0","","56.5","","7.3","E","63.8","E","","M",,"",,""
"1994-05","1994","05","18.1","","2.7","","10.5","","29.0","","-5.0","S","86.4","","0.0","","86.4","","0","",,"",,""
"1994-06","1994","06","25.2","","9.8","","17.5","","33.5","S","0.0","","90.6","","0.0","","90.6","","0","",,"",,""
"1994-07","1994","07","25.2","","12.5","","18.9","","29.0","","6.0","S","111.0","","0.0","","111.0","","0","",,"",,""
"1994-08","1994","08","22.3","","10.1","","16.2","","28.5","","0.5","","152.5","","0.0","","152.5","","0","",,"",,""
"1994-09","1994","09","20.5","","7.4","","14.0","","27.5","","0.0","","47.4","","0.0","","47.4","","0","",,"",,""
"1994-10","1994","10","","M","","M","","M","","M","","M","","M","","M","","M","","M",,"",,""
"1994-11","1994","11","6.2","","-4.0","","1.1","","15.0","","-16.5","","71.4","","28.9","","100.3","E","2","",,"",,""
"1994-12","1994","12","1.3","","-7.0","","-2.9","","9.0","","-19.5","","0.0","T","18.5","","18.5","","1","",,"",,""
"1995-01","1995","01","-2.8","","-11.4","","-7.1","","3.0","S","-26.0","","0.8","I","20.9","I","20.4","I","6","",,"",,""
"1995-02","1995","02","-5.6","E","-17.5","E","-11.6","E","5.0","","-31.0","E","0.0","","35.7","I","35.7","I","34","",,"",,""
"1995-03","1995","03","5.0","","-8.0","","-1.5","","19.5","","-25.5","","19.8","","31.5","","51.3","","","M",,"",,""
"1995-04","1995","04","7.1","","-2.6","","2.3","","13.0","","-16.0","","114.1","","10.5","","124.6","","0","",,"",,""
"1995-05","1995","05","17.6","","2.4","","10.0","","28.0","","-3.0","S","131.4","","0.0","","131.4","","0","",,"",,""
"1995-06","1995","06","26.3","","11.2","","18.8","","39.0","","4.0","","83.6","","0.0","","83.6","","0","",,"",,""
"1995-07","1995","07","25.5","","13.1","","19.4","","35.0","","6.0","","100.8","","0.0","","100.8","","0","",,"",,""
"1995-08","1995","08","26.1","","13.8","","20.0","","32.5","","4.5","","206.6","","0.0","","206.6","","0","",,"",,""
"1995-09","1995","09","17.2","","6.2","","11.7","","25.0","","-1.0","S","94.1","","0.0","","94.1","","0","",,"",,""
"1995-10","1995","10","12.1","","4.2","","8.2","","25.5","","-4.5","","133.9","","0.0","","133.9","","0","",,"",,""
"1995-11","1995","11","0.2","","-9.1","","-4.4","","7.0","","-24.0","","22.3","","49.5","","71.8","","22","",,"",,""
"1995-12","1995","12","-5.3","E","-15.8","","-10.6","E","1.5","","-30.5","","0.0","T","112.5","","112.5","","","M",,"",,""
"1996-01","1996","01","-6.2","","-20.3","","-13.2","","7.0","","-33.5","S","23.4","","75.0","","98.4","","","M",,"",,""
"1996-02","1996","02","-4.9","E","-19.2","","-12.1","E","4.0","","-38.0","","6.0","","43.7","","49.7","","","M",,"",,""
"1996-03","1996","03","0.6","","-14.1","","-6.8","","10.5","","-29.5","","17.6","E","20.8","","38.4","E","","M",,"",,""
"1996-04","1996","04","6.4","E","-4.3","E","1.1","E","14.0","","-14.0","","59.7","","15.7","","75.4","","","",,"",,""
"1996-05","1996","05","17.4","E","1.2","","9.4","E","27.0","E","-5.0","","27.2","","0.0","T","27.2","","0","",,"",,""
"1996-06","1996","06","23.7","","11.5","","17.6","","30.5","","2.5","","113.7","","0.0","","113.7","","0","",,"",,""
"1996-07","1996","07","23.1","","11.5","","17.4","","30.0","","5.0","","125.3","","0.0","","125.3","","0","",,"",,""
"1996-08","1996","08","25.9","","11.8","","18.9","","30.5","","6.0","","58.8","","0.0","","58.8","","0","",,"",,""
"1996-09","1996","09","21.4","E","9.7","","15.6","E","30.0","S","-1.0","","182.4","","0.0","","182.4","","0","",,"",,""
"1996-10","1996","10","11.7","E","1.3","","6.5","E","22.5","","-7.0","","151.5","","2.0","","153.5","","","M",,"",,""
"1996-11","1996","11","2.2","E","-5.8","","-1.8","E","11.5","","-16.0","S","59.8","","17.4","E","77.2","E","","",,"",,""
"1996-12","1996","12","-2.5","","-9.7","","-6.1","","4.0","","-30.0","","30.6","","125.2","","155.8","","","",,"",,""
"1997-01","1997","01","-5.6","I","-19.6","E","-9.5","I","1.5","I","-38.5","","26.8","E","92.7","","119.5","E","","",,"",,""
"1997-02","1997","02","","","","","","","","","","","","","","","","","","",,"",,""
"1997-03","1997","03","0.5","","-12.7","","-6.1","","12.5","","-27.0","","0.0","T","77.4","","77.4","","","",,"",,""
"1997-04","1997","04","9.7","E","-4.7","E","2.5","E","18.0","S","-15.0","","80.5","","3.0","","83.5","","","",,"",,""
