"Station Name","SAULT STE MARIE A"
"Province","ONTARIO"
"Latitude","46.48"
"Longitude","-84.51"
"Elevation","192.00"
"Climate Identifier","6057592"
"WMO Identifier","71260"
"TC Identifier","YAM"

"Legend"
"B","More than one occurrence and estimated"
"E","Estimated"
"M","Missing"
"S","More than one occurrence"
"T","Trace"
"[empty]","No data available"
"^","The value displayed is based on incomplete data"

"Date/Time","Year","Month","Mean Max Temp (°C)","Mean Max Temp Flag","Mean Min Temp (°C)","Mean Min Temp Flag","Mean Temp (°C)","Mean Temp Flag","Extr Max Temp (°C)","Extr Max Temp Flag","Extr Min Temp (°C)","Extr Min Temp Flag","Total Rain (mm)","Total Rain Flag","Total Snow (cm)","Total Snow Flag","Total Precip (mm)","Total Precip Flag","Snow Grnd Last Day (cm)","Snow Grnd Last Day Flag","Dir of Max Gust (10's deg)","Dir of Max Gust Flag","Spd of Max Gust (km/h)","Spd of Max Gust Flag"
"1945-01","1945","01","","M","","M","","M","","M","","M","","M","","M","","M","","",,"",,""
"1945-02","1945","02","","M","","M","","M","","M","","M","","M","","M","","M","","",,"",,""
"1945-03","1945","03","","M","","M","","M","","M","","M","","M","","M","","M","","",,"",,""
"1945-04","1945","04","","M","","M","","M","","M","","M","","M","","M","","M","","",,"",,""
"1945-05","1945","05","","M","","M","","M","","M","","M","","M","","M","","M","","",,"",,""
"1945-06","1945","06","","M","","M","","M","","M","","M","28.2","","0.0","","28.2","","","",,"",,""
"1945-07","1945","07","22.7","","8.1","","15.4","","30.0","","0.0","","47.5","","0.0","","47.5","","","",,"",,""
"1945-08","1945","08","24.2","","8.5","","16.4","","30.6","","-3.3","","63.8","","0.0","","63.8","","","",,"",,""
"1945-09","1945","09","18.1","","5.1","","11.6","","30.0","S","-8.3","","125.5","","0.0","","125.5","","","",,"",,""
"1945-10","1945","10","11.4","","1.9","","6.7","","21.1","S","-4.4","S","96.8","","5.1","","101.9","","","",,"",,""
"1945-11","1945","11","3.8","","-2.8","","0.5","","16.1","","-16.1","","64.8","","20.3","","85.1","","","",,"",,""
"1945-12","1945","12","-4.3","","-13.4","","-8.9","","3.3","","-31.1","","0.0","","81.5","","81.5","","","",,"",,""
"1946-01","1946","01","-4.2","","-13.1","","-8.7","","7.2","S","-23.9","","46.5","","62.0","","108.5","","","",,"",,""
"1946-02","1946","02","-6.2","","-16.9","","-11.6","","3.3","","-31.1","","14.0","","40.1","","54.1","","","",,"",,""
"1946-03","1946","03","7.6","","-6.0","","0.8","","21.1","","-21.1","","","M","","M","","M","","",,"",,""
"1946-04","1946","04","8.4","","-2.6","","2.9","","24.4","","-10.0","","43.2","","7.6","","50.8","","","",,"",,""
"1946-05","1946","05","14.6","","1.5","","8.1","","24.4","S","-6.7","","90.7","","0.0","","90.7","","","",,"",,""
"1946-06","1946","06","20.2","","6.8","","13.5","","30.0","","-1.1","S","84.6","","0.0","","84.6","","","",,"",,""
"1946-07","1946","07","23.4","","7.4","","15.4","","27.8","","0.6","","39.9","","0.0","","39.9","","","",,"",,""
"1946-08","1946","08","22.1","","7.2","","14.7","","30.6","","0.0","","141.7","","0.0","","141.7","","","",,"",,""
"1946-09","1946","09","19.6","","5.5","","12.6","","28.3","","-5.0","","74.7","","0.0","","74.7","","","",,"",,""
"1946-10","1946","10","15.2","","1.9","","8.6","","26.1","","-10.0","","64.8","","0.0","","64.8","","","",,"",,""
"1946-11","1946","11","5.6","","-3.8","","0.9","","13.9","","-12.2","S","69.3","","26.7","","96.0","","","",,"",,""
"1946-12","1946","12","-2.5","","-11.2","","-6.9","","10.0","","-36.7","","38.4","","61.2","","99.6","","","",,"",,""
"1947-01","1947","01","-2.9","","-14.9","","-8.9","","6.7","","-28.9","","40.4","","66.3","","106.7","","","",,"",,""
"1947-02","1947","02","-5.8","","-17.5","","-11.7","","6.1","","-28.3","","14.0","","61.2","","75.2","","","",,"",,""
"1947-03","1947","03","0.3","","-12.1","","-5.9","","10.6","","-23.9","","41.7","","30.7","","72.4","","","",,"",,""
"1947-04","1947","04","4.7","","-5.6","","-0.5","","15.6","","-10.0","S","95.5","","7.6","","103.1","","","",,"",,""
"1947-05","1947","05","10.8","","0.7","","5.8","","21.7","","-8.9","","99.6","","7.6","","107.2","","","",,"",,""
"1947-06","1947","06","20.2","","6.5","","13.4","","30.6","","0.0","","69.3","","0.0","","69.3","","","",,"",,""
"1947-07","1947","07","23.7","","10.4","","17.1","","30.6","","3.9","","60.5","","0.0","","60.5","","","",,"",,""
"1947-08","1947","08","27.6","","11.4","","19.5","","36.1","","-2.8","","16.5","","0.0","","16.5","","","",,"",,""
"1947-09","1947","09","19.3","","6.7","","13.0","","32.8","","-8.3","","91.7","","1.0","","92.7","","","",,"",,""
"1947-10","1947","10","18.4","","3.3","","10.9","","26.7","","-6.7","S","8.1","","0.0","","8.1","","","",,"",,""
"1947-11","1947","11","3.2","","-4.4","","-0.6","","16.1","","-18.3","","57.2","","32.5","","89.7","","","",,"",,""
"1947-12","1947","12","-2.4","","-11.4","","-6.9","","3.3","","-26.1","","","M","","M","","M","","",,"",,""
"1948-01","1948","01","-7.2","","-21.8","","-14.5","","1.7","","-38.9","S","","M","","M","","M","","",,"",,""
"1948-02","1948","02","-5.3","","-18.9","","-12.1","","5.0","","-35.0","","39.1","","45.7","","84.8","","","",,"",,""
"1948-03","1948","03","-0.1","","-15.6","","-7.9","","10.0","","-33.3","","62.5","","15.2","","77.7","","","",,"",,""
"1948-04","1948","04","9.8","","-1.1","","4.4","","19.4","S","-8.9","S","77.5","","0.0","","77.5","","","",,"",,""
"1948-05","1948","05","14.7","","0.3","","7.5","","24.4","","-5.6","","41.4","","0.0","","41.4","","","",,"",,""
"1948-06","1948","06","20.4","","5.0","","12.7","","30.0","","-1.7","S","52.8","","0.0","","52.8","","","",,"",,""
"1948-07","1948","07","24.7","","8.3","","16.5","","31.1","","0.6","","59.4","","0.0","","59.4","","","",,"",,""
"1948-08","1948","08","23.5","","9.4","","16.5","","33.9","","-2.2","","39.9","","0.0","","39.9","","","",,"",,""
"1948-09","1948","09","21.2","","4.6","","12.9","","31.7","","-4.4","","82.8","","0.0","","82.8","","","",,"",,""
"1948-10","1948","10","11.8","","0.4","","6.1","","18.9","","-8.9","","80.5","","5.1","","85.6","","","",,"",,""
"1948-11","1948","11","5.3","","0.3","","2.8","","12.8","S","-6.7","S","109.7","","36.8","","146.6","","","",,"",,""
"1948-12","1948","12","0.4","","-9.5","","-4.6","","","M","-27.8","","","M","","M","","M","","",,"",,""
"1949-01","1949","01","-3.6","","-13.2","","-8.4","","5.6","","-28.9","","37.3","","70.4","","107.7","","","",,"",,""
"1949-02","1949","02","-3.2","","-13.0","","-8.1","","7.2","","-25.0","","30.5","","98.0","","128.5","","","",,"",,""
"1949-03","1949","03","-0.7","","-11.8","","-6.3","","6.7","S","-33.9","","71.1","","11.9","","83.1","","","",,"",,""
"1949-04","1949","04","9.6","","-2.8","","3.4","","26.1","","-9.4","","20.1","","0.0","T","20.1","","","",,"",,""
"1949-05","1949","05","15.8","","1.9","","8.9","","25.6","","-4.4","","83.1","","0.0","","83.1","","","",,"",,""
"1949-06","1949","06","22.4","","8.3","","15.4","","30.6","S","-5.6","","159.8","","0.0","","159.8","","","",,"",,""
"1949-07","1949","07","24.1","","10.2","","17.2","","31.7","","1.7","S","94.0","","0.0","","94.0","","","",,"",,""
"1949-08","1949","08","23.9","","10.0","","17.0","","32.2","","-0.6","","46.2","","0.0","","46.2","","","",,"",,""
"1949-09","1949","09","16.8","","5.3","","11.1","","24.4","","-3.9","","93.5","","0.0","","93.5","","","",,"",,""
"1949-10","1949","10","","M","","M","","M","","M","","M","","M","","M","","M","","",,"",,""
"1949-11","1949","11","","M","","M","","M","","M","","M","","M","","M","","M","","",,"",,""
"1949-12","1949","12","","M","","M","","M","","M","","M","","M","","M","","M","","",,"",,""
"1950-01","1950","01","","","","","","","","","","","","","","","","","","",,"",,""
"1950-02","1950","02","","","","","","","","","","","","","","","","","","",,"",,""
"1950-03","1950","03","","","","","","","","","","","","","","","","","","",,"",,""
"1950-04","1950","04","","","","","","","","","","","","","","","","","","",,"",,""
"1950-05","1950","05","","","","","","","","","","","","","","","","","","",,"",,""
"1950-06","1950","06","","","","","","","","","","","","","","","","","","",,"",,""
"1950-07","1950","07","","","","","","","","","","","","","","","","","","",,"",,""
"1950-08","1950","08","","","","","","","","","","","","","","","","","","",,"",,""
"1950-09","1950","09","","","","","","","","","","","","","","","","","","",,"",,""
"1950-10","1950","10","","","","","","","","","","","","","","","","","","",,"",,""
"1950-11","1950","11","","","","","","","","","","","","","","","","","","",,"",,""
"1950-12","1950","12","","","","","","","","","","","","","","","","","","",,"",,""
"1951-01","1951","01","","","","","","","","","","","","","","","","","","",,"",,""
"1951-02","1951","02","","","","","","","","","","","","","","","","","","",,"",,""
"1951-03","1951","03","","","","","","","","","","","","","","","","","","",,"",,""
"1951-04","1951","04","","","","","","","","","","","","","","","","","","",,"",,""
"1951-05","1951","05","","","","","","","","","","","","","","","","","","",,"",,""
"1951-06","1951","06","","","","","","","","","","","","","","","","","","",,"",,""
"1951-07","1951","07","","","","","","","","","","","","","","","","","","",,"",,""
"1951-08","1951","08","","","","","","","","","","","","","","","","","","",,"",,""
"1951-09","1951","09","","","","","","","","","","","","","","","","","","",,"",,""
"1951-10","1951","10","","","","","","","","","","","","","","","","","","",,"",,""
"1951-11","1951","11","","","","","","","","","","","","","","","","","","",,"",,""
"1951-12","1951","12","","","","","","","","","","","","","","","","","","",,"",,""
"1952-01","1952","01","","","","","","","","","","","","","","","","","","",,"",,""
"1952-02","1952","02","","","","","","","","","","","","","","","","","","",,"",,""
"1952-03","1952","03","","","","","","","","","","","","","","","","","","",,"",,""
"1952-04","1952","04","","","","","","","","","","","","","","","","","","",,"",,""
"1952-05","1952","05","","","","","","","","","","","","","","","","","","",,"",,""
"1952-06","1952","06","","","","","","","","","","","","","","","","","","",,"",,""
"1952-07","1952","07","","","","","","","","","","","","","","","","","","",,"",,""
"1952-08","1952","08","","","","","","","","","","","","","","","","","","",,"",,""
"1952-09","1952","09","","","","","","","","","","","","","","","","","","",,"",,""
"1952-10","1952","10","","","","","","","","","","","","","","","","","","",,"",,""
"1952-11","1952","11","","","","","","","","","","","","","","","","","","",,"",,""
"1952-12","1952","12","","","","","","","","","","","","","","","","","","",,"",,""
"1953-01","1953","01","","","","","","","","","","","","","","","","","","",,"",,""
"1953-02","1953","02","","","","","","","","","","","","","","","","","","",,"",,""
"1953-03","1953","03","","","","","","","","","","","","","","","","","","",,"",,""
"1953-04","1953","04","","","","","","","","","","","","","","","","","","",,"",,""
"1953-05","1953","05","","","","","","","","","","","","","","","","","","",,"",,""
"1953-06","1953","06","","","","","","","","","","","","","","","","","","",,"",,""
"1953-07","1953","07","","","","","","","","","","","","","","","","","","",,"",,""
"1953-08","1953","08","","","","","","","","","","","","","","","","","","",,"",,""
"1953-09","1953","09","","","","","","","","","","","","","","","","","","",,"",,""
"1953-10","1953","10","","","","","","","","","","","","","","","","","","",,"",,""
"1953-11","1953","11","","","","","","","","","","","","","","","","","","",,"",,""
"1953-12","1953","12","","","","","","","","","","","","","","","","","","",,"",,""
"1954-01","1954","01","","","","","","","","","","","","","","","","","","",,"",,""
"1954-02","1954","02","","","","","","","","","","","","","","","","","","",,"",,""
"1954-03","1954","03","","","","","","","","","","","","","","","","","","",,"",,""
"1954-04","1954","04","","","","","","","","","","","","","","","","","","",,"",,""
"1954-05","1954","05","","","","","","","","","","","","","","","","","","",,"",,""
"1954-06","1954","06","","","","","","","","","","","","","","","","","","",,"",,""
"1954-07","1954","07","","","","","","","","","","","","","","","","","","",,"",,""
"1954-08","1954","08","","","","","","","","","","","","","","","","","","",,"",,""
"1954-09","1954","09","","","","","","","","","","","","","","","","","","",,"",,""
"1954-10","1954","10","","","","","","","","","","","","","","","","","","",,"",,""
"1954-11","1954","11","","","","","","","","","","","","","","","","","","",,"",,""
"1954-12","1954","12","","","","","","","","","","","","","","","","","","",,"",,""
"1955-01","1955","01","","","","","","","","","","","","","","","","","","",,"",,""
"1955-02","1955","02","","","","","","","","","","","","","","","","","","",,"",,""
"1955-03","1955","03","","","","","","","","","","","","","","","","","","",,"",,""
"1955-04","1955","04","","","","","","","","","","","","","","","","","","",,"",,""
"1955-05","1955","05","","","","","","","","","","","","","","","","","","",,"",,""
"1955-06","1955","06","","","","","","","","","","","","","","","","","","",,"",,""
"1955-07","1955","07","","","","","","","","","","","","","","","","","","",,"",,""
"1955-08","1955","08","","","","","","","","","","","","","","","","","","",,"",,""
"1955-09","1955","09","","","","","","","","","","","","","","","","","","",,"",,""
"1955-10","1955","10","","","","","","","","","","","","","","","","","","",,"",,""
"1955-11","1955","11","","","","","","","","","","","","","","","","","","",,"",,""
"1955-12","1955","12","","","","","","","","","","","","","","","","","","",,"",,""
"1956-01","1956","01","","","","","","","","","","","","","","","","","","",,"",,""
"1956-02","1956","02","","","","","","","","","","","","","","","","","","",,"",,""
"1956-03","1956","03","","","","","","","","","","","","","","","","","","",,"",,""
"1956-04","1956","04","","","","","","","","","","","","","","","","","","",,"",,""
"1956-05","1956","05","","","","","","","","","","","","","","","","","","",,"",,""
"1956-06","1956","06","","","","","","","","","","","","","","","","","","",,"",,""
"1956-07","1956","07","","","","","","","","","","","","","","","","","","",,"",,""
"1956-08","1956","08","","","","","","","","","","","","","","","","","","",,"",,""
"1956-09","1956","09","","","","","","","","","","","","","","","","","","",,"",,""
"1956-10","1956","10","","","","","","","","","","","","","","","","","","",,"",,""
"1956-11","1956","11","","","","","","","","","","","","","","","","","","",,"",,""
"1956-12","1956","12","","","","","","","","","","","","","","","","","","",,"",,""
"1957-01","1957","01","","","","","","","","","","","","","","","","","","",,"",,""
"1957-02","1957","02","","","","","","","","","","","","","","","","","","",,"",,""
"1957-03","1957","03","","","","","","","","","","","","","","","","","","",,"",,""
"1957-04","1957","04","","","","","","","","","","","","","","","","","","",,"",,""
"1957-05","1957","05","","","","","","","","","","","","","","","","","","",,"",,""
"1957-06","1957","06","","","","","","","","","","","","","","","","","","",,"",,""
"1957-07","1957","07","","","","","","","","","","","","","","","","","","",,"",,""
"1957-08","1957","08","","","","","","","","","","","","","","","","","","",,"",,""
"1957-09","1957","09","","","","","","","","","","","","","","","","","","",,"",,""
"1957-10","1957","10","","","","","","","","","","","","","","","","","","",,"",,""
"1957-11","1957","11","","","","","","","","","","","","","","","","","","",,"",,""
"1957-12","1957","12","","","","","","","","","","","","","","","","","","",,"",,""
"1958-01","1958","01","","","","","","","","","","","","","","","","","","",,"",,""
"1958-02","1958","02","","","","","","","","","","","","","","","","","","",,"",,""
"1958-03","1958","03","","","","","","","","","","","","","","","","","","",,"",,""
"1958-04","1958","04","","","","","","","","","","","","","","","","","","",,"",,""
"1958-05","1958","05","","","","","","","","","","","","","","","","","","",,"",,""
"1958-06","1958","06","","","","","","","","","","","","","","","","","","",,"",,""
"1958-07","1958","07","","","","","","","","","","","","","","","","","","",,"",,""
"1958-08","1958","08","","","","","","","","","","","","","","","","","","",,"",,""
"1958-09","1958","09","","","","","","","","","","","","","","","","","","",,"",,""
"1958-10","1958","10","","","","","","","","","","","","","","","","","","",,"",,""
"1958-11","1958","11","","","","","","","","","","","","","","","","","","",,"",,""
"1958-12","1958","12","","","","","","","","","","","","","","","","","","",,"",,""
"1959-01","1959","01","","","","","","","","","","","","","","","","","","",,"",,""
"1959-02","1959","02","","","","","","","","","","","","","","","","","","",,"",,""
"1959-03","1959","03","","","","","","","","","","","","","","","","","","",,"",,""
"1959-04","1959","04","","","","","","","","","","","","","","","","","","",,"",,""
"1959-05","1959","05","","","","","","","","","","","","","","","","","","",,"",,""
"1959-06","1959","06","","","","","","","","","","","","","","","","","","",,"",,""
"1959-07","1959","07","","","","","","","","","","","","","","","","","","",,"",,""
"1959-08","1959","08","","","","","","","","","","","","","","","","","","",,"",,""
"1959-09","1959","09","","","","","","","","","","","","","","","","","","",,"",,""
"1959-10","1959","10","","","","","","","","","","","","","","","","","","",,"",,""
"1959-11","1959","11","","","","","","","","","","","","","","","","","","",,"",,""
"1959-12","1959","12","","","","","","","","","","","","","","","","","","",,"",,""
"1960-01","1960","01","","","","","","","","","","","","","","","","","","",,"",,""
"1960-02","1960","02","","","","","","","","","","","","","","","","","","",,"",,""
"1960-03","1960","03","","","","","","","","","","","","","","","","","","",,"",,""
"1960-04","1960","04","","","","","","","","","","","","","","","","","","",,"",,""
"1960-05","1960","05","","","","","","","","","","","","","","","","","","",,"",,""
"1960-06","1960","06","","","","","","","","","","","","","","","","","","",,"",,""
"1960-07","1960","07","","","","","","","","","","","","","","","","","","",,"",,""
"1960-08","1960","08","","","","","","","","","","","","","","","","","","",,"",,""
"1960-09","1960","09","","","","","","","","","","","","","","","","","","",,"",,""
"1960-10","1960","10","","","","","","","","","","","","","","","","","","",,"",,""
"1960-11","1960","11","","","","","","","","","","","","","","","","","","",,"",,""
"1960-12","1960","12","","","","","","","","","","","","","","","","","","",,"",,""
"1961-01","1961","01","","M","","M","","M","","M","","M","","M","","M","","M","","M",,"","<31",""
"1961-02","1961","02","","M","","M","","M","","M","","M","","M","","M","","M","","M",,"","<31",""
"1961-03","1961","03","","M","","M","","M","","M","","M","","M","","M","","M","","M",,"","<31",""
"1961-04","1961","04","","M","","M","","M","","M","","M","","M","","M","","M","","M",,"","<31",""
"1961-05","1961","05","","M","","M","","M","","M","","M","","M","","M","","M","","M",,"","<31",""
"1961-06","1961","06","","M","","M","","M","","M","","M","","M","","M","","M","","M",,"","<31",""
"1961-07","1961","07","","M","","M","","M","","M","","M","","M","","M","","M","","M",,"","<31",""
"1961-08","1961","08","24.2","","11.9","","18.1","","30.0","","4.4","","20.8","","0.0","","20.8","","0","","32","","72",""
"1961-09","1961","09","20.3","","10.6","","15.5","","29.4","","2.2","","111.5","","0.0","T","111.5","","0","","32","","72",""
"1961-10","1961","10","13.2","","4.1","","8.7","","22.8","","-2.2","","48.5","","0.0","T","48.5","","0","","32","","72",""
"1961-11","1961","11","4.9","","-1.8","","1.6","","16.7","","-9.4","","36.3","","32.8","","69.1","","0","","32","","64",""
"1961-12","1961","12","-2.3","","-10.8","","-6.6","","14.4","","-23.3","","26.7","","100.6","","127.3","","48","","32","","89",""
"1962-01","1962","01","-7.4","","-17.3","","-12.4","","1.7","","-27.2","S","0.0","T","120.7","","120.7","","109","","32","","103",""
"1962-02","1962","02","-8.2","","-21.0","","-14.6","","0.6","","-35.0","","0.0","T","68.3","","68.3","","94","","32","","71",""
"1962-03","1962","03","1.9","","-8.7","","-3.4","","8.3","","-31.1","","13.7","","12.4","","27.4","","3","","16","","64",""
"1962-04","1962","04","7.9","","-1.9","","3.0","","20.0","","-8.9","","64.8","","16.8","","83.3","","0","","32","","55",""
"1962-05","1962","05","17.4","","5.8","","11.6","","31.7","","-2.2","","109.5","","2.5","","112.0","","0","","32","","56",""
"1962-06","1962","06","20.9","","8.3","","14.6","","28.3","","2.8","","22.9","","0.0","","22.9","","0","","20","","50",""
"1962-07","1962","07","23.1","","10.3","","16.7","","31.1","","6.7","","34.3","","0.0","","34.3","","0","","29","","56",""
"1962-08","1962","08","23.2","","10.7","","17.0","","30.0","","2.8","","85.9","","0.0","","85.9","","0","","32","","51","S"
"1962-09","1962","09","17.0","","6.8","","11.9","","26.7","","-0.6","","75.2","","0.0","","75.2","","0","","29","","51","S"
"1962-10","1962","10","12.3","","4.5","","8.4","","21.1","","-6.1","","52.1","","2.3","","54.4","","0","","29","","77",""
"1962-11","1962","11","4.7","","-2.5","","1.1","","8.3","","-10.0","","13.2","","13.7","","26.9","","0","","29","","56",""
"1962-12","1962","12","-3.4","","-11.4","","-7.4","","10.6","","-26.7","","2.8","","86.6","","89.4","","43","","32","","89",""
"1963-01","1963","01","-9.2","","-19.4","","-14.3","","1.7","","-30.6","","0.5","","55.9","","56.4","","58","","29","","89",""
"1963-02","1963","02","-9.2","","-22.3","","-15.8","","-1.1","","-32.2","","0.3","","69.6","","69.9","","76","","32","","74",""
"1963-03","1963","03","0.5","","-12.1","","-5.8","","12.8","","-27.2","","22.4","","36.8","","59.2","","5","","32","","80",""
"1963-04","1963","04","8.9","","-1.6","","3.7","","20.0","","-8.3","","32.8","","1.8","","34.5","","0","","29","","97",""
"1963-05","1963","05","14.5","","1.8","","8.2","","26.1","","-3.9","","69.3","","2.5","","71.9","","0","","32","","56",""
"1963-06","1963","06","23.3","","9.1","","16.2","","32.2","","3.9","","51.8","","0.0","","51.8","","0","","29","","64",""
"1963-07","1963","07","24.6","","12.5","","18.6","","33.3","","5.6","","55.9","","0.0","","55.9","","0","","34","","50",""
"1963-08","1963","08","21.4","","10.4","","15.9","","28.9","S","4.4","","83.8","","0.0","","83.8","","0","","29","","64",""
"1963-09","1963","09","17.4","","6.7","","12.1","","25.6","","-0.6","","74.7","","0.0","","74.7","","0","","5","","48",""
"1963-10","1963","10","18.2","","5.7","","12.0","","25.0","S","-3.9","","5.1","","0.0","","5.1","","0","","29","","50",""
"1963-11","1963","11","7.4","","-0.2","","3.6","","13.9","","-10.0","S","81.0","","22.4","","103.4","","0","","32","","105",""
"1963-12","1963","12","-4.2","","-13.2","","-8.7","","5.0","S","-25.6","","5.3","","85.3","","90.7","","51","","32","","64",""
"1964-01","1964","01","-1.7","","-11.6","","-6.7","","3.3","S","-30.6","","17.5","","92.2","","109.7","","61","","27","","80",""
"1964-02","1964","02","-2.6","","-15.9","","-9.3","","6.1","","-30.0","","0.0","T","33.8","","33.8","","51","","23","","68",""
"1964-03","1964","03","-0.7","","-11.8","","-6.3","","8.3","","-22.2","","30.0","","54.9","","82.0","","33","","29","","84",""
"1964-04","1964","04","7.9","","-1.7","","3.1","","17.8","","-19.4","","46.2","","8.6","","54.9","","0","","20","","89",""
"1964-05","1964","05","18.1","","5.3","","11.7","","26.7","S","-1.1","","64.3","","0.0","","64.3","","0","","29","","68",""
"1964-06","1964","06","20.6","","7.1","","13.9","","32.2","","-3.3","","69.3","","0.8","","70.1","","0","","36","","80",""
"1964-07","1964","07","25.2","","13.1","","19.2","","30.6","S","6.7","","78.7","","0.0","","78.7","","0","","7","","56",""
"1964-08","1964","08","19.4","","11.1","","15.3","","25.6","","7.2","","96.0","","0.0","","96.0","","0","","29","","72",""
"1964-09","1964","09","17.1","","7.8","","12.5","","23.9","","-1.1","S","114.6","","0.0","","114.6","","0","","29","","89",""
"1964-10","1964","10","11.7","","2.0","","6.9","","21.7","","-4.4","","59.9","","4.1","","64.0","","0","","29","","80","S"
"1964-11","1964","11","5.6","","-2.1","","1.8","","16.1","","-18.3","","83.3","","47.0","","130.3","","3","","32","","97",""
"1964-12","1964","12","-3.6","","-13.3","","-8.5","","3.9","","-23.9","S","21.6","","104.1","","112.3","","41","","29","","68",""
"1965-01","1965","01","-6.1","","-16.1","","-11.1","","3.3","","-34.4","","6.1","","117.3","","107.7","","89","","29","","105",""
"1965-02","1965","02","-6.1","","-16.9","","-11.5","","5.0","","-30.6","","13.2","","84.3","","81.5","","64","","29","","84",""
"1965-03","1965","03","-1.1","","-13.1","","-7.1","","8.3","","-28.9","","0.3","","35.3","","30.7","","25","","9","","74",""
"1965-04","1965","04","6.6","","-3.3","","1.7","","18.3","","-17.2","","29.2","","8.6","","42.2","","0","","32","","58",""
"1965-05","1965","05","17.3","","3.9","","10.6","","27.2","S","-3.3","","105.4","","0.0","","105.4","","0","","29","","68",""
"1965-06","1965","06","20.4","","7.5","","14.0","","28.9","","2.2","S","89.9","","0.0","","89.9","","0","","32","","56","S"
"1965-07","1965","07","20.9","","8.8","","14.9","","26.7","S","2.2","","100.3","","0.0","","100.3","","0","","32","","63",""
"1965-08","1965","08","20.6","","10.7","","15.7","","31.7","","3.3","","104.4","","0.0","","104.4","","0","","29","","61",""
"1965-09","1965","09","16.1","","7.4","","11.8","","23.3","S","-2.8","","185.9","","2.0","","187.2","","0","","23","","84",""
"1965-10","1965","10","10.4","","2.6","","6.5","","22.8","","-5.0","","83.3","","11.2","","92.7","","0","","32","","97","S"
"1965-11","1965","11","3.8","","-3.1","","0.4","","15.6","","-10.6","","66.8","","78.7","","152.4","","3","","32","","119",""
"1965-12","1965","12","0.8","","-6.2","","-2.7","","10.0","","-19.4","","49.5","","34.5","","77.0","","5","","32","","72","S"
"1966-01","1966","01","-7.1","","-17.2","","-12.2","","3.3","","-28.9","","0.8","","90.9","","63.5","","41","","27","","89",""
"1966-02","1966","02","-3.7","","-11.7","","-7.7","","6.1","","-29.4","","25.7","","43.9","","61.7","","10","","32","","72",""
"1966-03","1966","03","1.9","","-5.9","","-2.0","","9.4","","-16.1","","56.1","","32.8","","84.3","","0","T","32","","69",""
"1966-04","1966","04","7.6","","-1.4","","3.1","","15.0","","-3.9","S","34.3","","8.4","","41.7","","0","","11","","72",""
"1966-05","1966","05","12.9","","1.1","","7.0","","26.1","","-6.7","","43.7","","15.5","","60.5","","0","","29","","80","S"
"1966-06","1966","06","22.6","","8.8","","15.7","","31.1","S","0.6","","56.4","","0.0","","56.4","","0","","32","","72",""
"1966-07","1966","07","26.3","","12.0","","19.2","","35.0","","5.6","","33.3","","0.0","","33.3","","0","","29","","53",""
"1966-08","1966","08","22.1","","12.4","","17.3","","29.4","","5.0","","65.8","","0.0","","65.8","","0","","34","","55",""
"1966-09","1966","09","18.5","","7.9","","13.2","","29.4","","-1.1","","74.2","","0.0","T","74.2","","0","","34","","77",""
"1966-10","1966","10","11.4","","2.8","","7.1","","21.1","","-2.2","S","105.9","","3.0","","109.0","","0","","29","","100",""
"1966-11","1966","11","3.0","","-3.2","","-0.1","","7.2","S","-12.2","","92.2","","74.7","","156.2","","13","","29","","84",""
"1966-12","1966","12","-3.1","","-10.5","","-6.8","","5.6","","-22.8","","25.7","","71.6","","73.9","","20","","27","","64","S"
"1967-01","1967","01","-3.2","","-11.8","","-7.5","","5.0","","-24.4","","14.0","","115.3","","104.6","","30","","32","","80","S"
"1967-02","1967","02","-7.8","","-20.7","","-14.3","","1.1","","-35.0","","0.0","T","73.2","","56.4","","69","","29","","84",""
"1967-03","1967","03","0.6","","-11.3","","-5.4","","10.6","","-30.6","","20.1","","14.7","","30.0","","3","","32","","87",""
"1967-04","1967","04","7.1","","-2.3","","2.4","","15.0","","-12.2","","71.4","","11.2","","79.5","","0","","20","","90",""
"1967-05","1967","05","12.9","","1.1","","7.0","","22.2","","-3.9","","43.4","","4.6","","47.2","","0","","27","","71",""
"1967-06","1967","06","22.4","","8.9","","15.7","","29.4","","0.6","","74.2","","0.0","","74.2","","0","","29","","48","S"
"1967-07","1967","07","22.6","","9.8","","16.2","","28.9","S","3.9","S","22.9","","0.0","","22.9","","0","","29","","60",""
"1967-08","1967","08","22.2","","9.4","","15.8","","27.8","","3.9","","112.3","","0.0","","112.3","","0","","32","","68",""
"1967-09","1967","09","19.7","","6.7","","13.2","","26.1","S","0.0","","29.5","","0.0","","29.5","","0","","32","","71",""
"1967-10","1967","10","10.9","","2.2","","6.6","","22.8","","-2.2","S","81.3","","2.0","","83.3","","0","","32","","77",""
"1967-11","1967","11","1.8","","-3.6","","-0.9","","9.4","","-14.4","","38.6","","54.4","","83.6","","15","","27","","80",""
"1967-12","1967","12","-1.4","","-9.2","","-5.3","","6.7","","-27.2","","29.2","","104.4","","98.3","","36","","29","","66","S"
"1968-01","1968","01","-6.4","","-16.6","","-11.5","","3.9","","-33.9","","4.3","","50.0","","43.4","","25","","29","","90","S"
"1968-02","1968","02","-6.7","","-19.1","","-12.9","","2.2","","-32.2","","14.0","","133.9","","117.1","","86","","27","","89",""
"1968-03","1968","03","2.4","","-8.8","","-3.2","","11.1","","-20.0","S","29.2","","4.6","","34.0","","0","T","32","","87",""
"1968-04","1968","04","10.4","","-0.6","","4.9","","21.1","","-9.4","","70.4","","23.9","","94.0","","0","","23","","80",""
"1968-05","1968","05","15.1","","3.5","","9.3","","22.8","","-2.2","","56.1","","0.0","T","56.1","","0","","29","","64","S"
"1968-06","1968","06","19.3","","8.6","","14.0","","29.4","","1.7","","96.0","","0.0","","96.0","","0","","9","","56",""
"1968-07","1968","07","23.1","","10.6","","16.9","","32.2","","2.8","","63.5","","0.0","","63.5","","0","","23","","72",""
"1968-08","1968","08","21.9","","9.9","","15.9","","27.8","S","2.2","","95.5","","0.0","","95.5","","0","","29","","74",""
"1968-09","1968","09","19.9","","10.9","","15.4","","25.6","S","2.2","","82.3","","0.0","","82.3","","0","","23","","85",""
"1968-10","1968","10","13.2","","5.1","","9.2","","26.7","","-1.1","S","103.6","","2.5","","105.9","","0","","29","","64",""
"1968-11","1968","11","3.4","","-2.9","","0.3","","17.2","","-12.2","S","15.2","","45.7","","61.5","","3","","29","","85","S"
"1968-12","1968","12","-3.1","","-11.3","","-7.2","","6.1","","-23.9","","16.0","","81.0","","76.2","","48","","23","","72",""
"1969-01","1969","01","-4.7","","-12.8","","-8.8","","3.9","S","-24.4","","20.1","","102.6","","87.4","","51","","29","","72",""
"1969-02","1969","02","-2.4","","-13.9","","-8.2","","2.8","","-22.8","","0.0","","37.1","","25.9","","23","","32","","68",""
"1969-03","1969","03","-0.4","","-11.4","","-5.9","","5.6","","-24.4","","19.3","","19.6","","37.1","","13","","32","","69",""
"1969-04","1969","04","8.7","","-1.7","","3.5","","20.0","","-13.3","","82.8","","10.4","","93.0","","0","","32","","64",""
"1969-05","1969","05","15.1","","2.1","","8.6","","31.1","","-3.9","","59.4","","0.0","","59.4","","0","","32","","64",""
"1969-06","1969","06","17.6","","6.2","","11.9","","25.0","","0.6","S","223.0","","0.0","","223.0","","0","","27","","85",""
"1969-07","1969","07","24.4","","11.4","","17.9","","30.0","S","3.3","","28.2","","0.0","","28.2","","0","","29","","50",""
"1969-08","1969","08","25.3","","12.4","","18.9","","31.1","","4.4","","79.0","","0.0","","79.0","","0","","29","","63",""
"1969-09","1969","09","18.7","","8.1","","13.4","","28.3","","1.7","S","69.3","","0.0","","69.3","","0","","32","","56",""
"1969-10","1969","10","10.1","","2.8","","6.5","","20.0","","-6.1","","131.6","","14.0","","144.5","","0","","29","","72",""
"1969-11","1969","11","4.3","","-3.2","","0.6","","12.8","","-13.9","","33.3","","43.7","","70.9","","3","","32","","64",""
"1969-12","1969","12","-2.7","","-10.5","","-6.6","","5.0","","-23.9","","0.3","","52.3","","36.8","","15","","32","","80",""
"1970-01","1970","01","-7.2","","-17.3","","-12.3","","0.6","S","-32.8","","0.0","T","124.7","","67.3","","69","","29","","64",""
"1970-02","1970","02","-5.1","","-19.2","","-12.2","","4.4","","-35.0","","0.0","T","32.8","","25.1","","46","","20","","74","S"
"1970-03","1970","03","-0.8","","-12.2","","-6.5","","7.2","","-25.6","","33.8","","32.0","","53.6","","18","","5","","55",""
"1970-04","1970","04","9.4","","-1.7","","3.9","","24.4","S","-11.1","","30.7","","5.1","","35.6","","0","","9","","77",""
"1970-05","1970","05","13.5","","3.3","","8.4","","25.6","","-5.0","","180.1","","0.0","T","180.1","","0","","23","","72",""
"1970-06","1970","06","22.4","","7.6","","15.0","","28.3","S","2.2","","61.7","","0.0","","61.7","","0","","29","","97",""
"1970-07","1970","07","24.8","","12.7","","18.8","","31.1","","6.1","S","107.4","","0.0","","107.4","","0","","29","","51","S"
"1970-08","1970","08","24.2","","11.7","","18.0","","31.7","","3.3","","56.6","","0.0","","56.6","","0","","32","","61",""
"1970-09","1970","09","17.7","","8.6","","13.2","","26.7","","1.1","","194.3","","0.0","","194.3","","0","","29","","74",""
"1970-10","1970","10","13.8","","4.9","","9.4","","23.9","","-2.8","","73.9","","7.4","","81.0","","0","","29","","61",""
"1970-11","1970","11","4.9","","-2.7","","1.1","","13.3","","-13.9","","44.2","","40.1","","80.3","","15","","29","","105",""
"1970-12","1970","12","-3.4","","-11.4","","-7.4","","10.6","","-22.8","S","11.2","","62.2","","57.4","","36","","27","","93",""
"1971-01","1971","01","-6.8","","-16.6","","-11.7","","0.6","","-25.6","","0.0","T","108.7","","95.0","","109","","34","","71",""
"1971-02","1971","02","-4.4","","-17.4","","-10.9","","4.4","","-35.0","","5.6","","90.9","","89.9","","86","","27","","69",""
"1971-03","1971","03","-0.6","","-12.1","","-6.4","","4.4","","-26.7","","22.4","","36.8","","61.0","","48","","32","","61",""
"1971-04","1971","04","7.4","","-3.2","","2.1","","16.1","","-12.8","S","19.8","","10.4","","30.2","","0","","32","","60",""
"1971-05","1971","05","15.1","","1.4","","8.3","","24.4","","-4.4","","81.5","","1.5","","82.8","","0","","11","","64",""
"1971-06","1971","06","22.8","","8.3","","15.6","","31.7","","-1.1","","71.9","","0.0","","71.9","","0","","29","","43",""
"1971-07","1971","07","22.7","","9.2","","16.0","","28.3","","3.9","S","78.0","","0.0","","78.0","","0","","29","","53",""
"1971-08","1971","08","21.9","","9.3","","15.6","","28.9","","3.9","","83.3","","0.0","","83.3","","0","","32","","72",""
"1971-09","1971","09","20.3","","9.0","","14.7","","28.9","","2.2","S","103.4","","0.0","","103.4","","0","","32","","72",""
"1971-10","1971","10","15.3","","7.3","","11.3","","26.7","","-0.6","","59.2","","0.0","T","59.2","","0","","23","","60",""
"1971-11","1971","11","4.1","","-2.9","","0.6","","14.4","","-12.2","S","46.0","","28.4","","74.7","","8","","20","","74",""
"1971-12","1971","12","-0.1","","-9.1","","-4.6","","6.1","","-26.1","","32.8","","59.9","","94.7","","36","","32","","80",""
"1972-01","1972","01","-4.1","","-14.3","","-9.2","","3.9","","-30.0","","5.6","","110.7","","100.1","","86","","29","","103",""
"1972-02","1972","02","-6.7","","-17.8","","-12.3","","0.6","","-31.1","","0.0","T","85.9","","75.9","","107","","29","","68",""
"1972-03","1972","03","-2.3","","-14.0","","-8.2","","5.0","","-35.6","","28.4","","57.4","","84.1","","51","","29","","61",""
"1972-04","1972","04","5.9","","-5.3","","0.3","","18.3","","-17.8","","42.2","","43.2","","79.5","","0","T","9","","89",""
"1972-05","1972","05","19.1","","4.1","","11.6","","31.1","","-2.2","","54.4","","0.0","","54.4","","0","","7","","53","S"
"1972-06","1972","06","20.3","","6.2","","13.3","","27.8","S","-1.7","","30.2","","0.0","","30.2","","0","","29","","64",""
"1972-07","1972","07","22.8","","10.1","","16.5","","27.2","","3.3","","71.4","","0.0","","71.4","","0","","23","","64",""
"1972-08","1972","08","20.8","","10.7","","15.8","","28.3","","3.9","","98.6","","0.0","","98.6","","0","","29","","53",""
"1972-09","1972","09","16.8","","5.9","","11.4","","20.6","S","0.6","","83.8","","0.0","","83.8","","0","","2","","77",""
"1972-10","1972","10","9.2","","0.6","","4.9","","21.1","","-6.1","","24.9","","21.3","","43.9","","0","","29","","105",""
"1972-11","1972","11","2.8","","-2.8","","0.0","","9.4","","-10.6","","40.9","","27.9","","67.1","","5","","29","","66",""
"1972-12","1972","12","-3.6","","-11.3","","-7.5","","3.3","","-18.3","S","6.4","","88.1","","82.0","","41","","29","","77",""
"1973-01","1973","01","-2.9","","-12.7","","-7.8","","7.8","","-30.6","","17.3","","40.9","","43.9","","18","","29","","64",""
"1973-02","1973","02","-5.1","","-15.7","","-10.4","","2.2","","-28.3","","6.9","","38.9","","38.4","","38","","23","","48",""
"1973-03","1973","03","5.2","","-3.4","","0.9","","12.8","","-8.3","","33.8","","0.0","T","33.8","","0","","32","","64",""
"1973-04","1973","04","9.4","","-1.0","","4.2","","19.4","","-11.1","","72.6","","9.9","","78.2","","0","","23","","82",""
"1973-05","1973","05","13.8","","2.9","","8.4","","22.8","","-3.9","","106.2","","0.8","","107.2","","0","","29","","71",""
"1973-06","1973","06","20.5","","9.1","","14.8","","27.8","S","2.2","","61.7","","0.0","","61.7","","0","","32","","72",""
"1973-07","1973","07","24.1","","11.4","","17.8","","30.6","","6.7","","104.4","","0.0","","104.4","","0","","23","","60",""
"1973-08","1973","08","25.2","","14.7","","20.0","","33.3","","7.2","","109.2","","0.0","","109.2","","0","","32","","64",""
"1973-09","1973","09","18.3","","7.6","","13.0","","30.6","","-0.6","S","57.2","","0.0","","57.2","","0","","29","","66",""
"1973-10","1973","10","14.6","","6.1","","10.4","","22.8","","-0.6","","87.4","","0.0","T","87.4","","0","","29","","100",""
"1973-11","1973","11","3.8","","-1.6","","1.1","","9.4","","-9.4","","34.3","","45.0","","80.5","","0","","29","","84",""
"1973-12","1973","12","-2.8","","-11.4","","-7.1","","6.1","","-23.3","S","20.3","","46.0","","62.7","","25","","29","","71",""
"1974-01","1974","01","-5.3","","-14.4","","-9.9","","3.9","","-31.1","","8.4","","69.3","","69.3","","36","","32","","105",""
"1974-02","1974","02","-6.9","","-20.6","","-13.8","","3.3","S","-35.0","","0.0","T","37.1","","32.3","","58","","27","","50",""
"1974-03","1974","03","-0.9","","-10.9","","-5.9","","11.7","","-26.1","","4.8","","38.1","","42.7","","33","","32","","68",""
"1974-04","1974","04","8.5","","-3.0","","2.8","","21.7","","-12.2","","76.7","","3.3","","79.8","","0","","7","","61",""
"1974-05","1974","05","13.0","","1.4","","7.2","","22.2","S","-6.1","","52.8","","0.5","","53.3","","0","","29","","71",""
"1974-06","1974","06","21.0","","8.2","","14.6","","29.4","","1.7","","105.2","","0.0","","105.2","","0","","29","","48",""
"1974-07","1974","07","24.3","","11.6","","18.0","","31.7","S","5.6","","56.6","","0.0","","56.6","","0","","29","","80",""
"1974-08","1974","08","23.3","","11.9","","17.6","","29.4","","6.1","","103.9","","0.0","","103.9","","0","","32","","58",""
"1974-09","1974","09","15.9","","5.4","","10.7","","23.3","S","-3.3","","102.6","","0.0","T","102.6","","0","","29","","58",""
"1974-10","1974","10","10.2","","1.4","","5.8","","18.3","","-8.3","","79.0","","6.4","","85.3","","0","","29","","72",""
"1974-11","1974","11","4.9","","-2.4","","1.3","","12.8","","-13.9","","52.1","","17.8","","70.9","","5","","29","","61",""
"1974-12","1974","12","0.4","","-6.6","","-3.1","","3.3","","-15.0","","0.3","","53.1","","51.3","","18","","9","","60",""
"1975-01","1975","01","-3.2","","-12.3","","-7.8","","6.1","","-32.2","","16.5","","102.4","","98.3","","51","","23","","97",""
"1975-02","1975","02","-2.8","","-12.7","","-7.8","","4.4","S","-25.6","","5.1","","75.7","","72.9","","51","","29","","69",""
"1975-03","1975","03","-0.8","","-11.6","","-6.2","","8.9","","-21.7","","1.3","","53.3","","53.1","","48","","9","","72",""
"1975-04","1975","04","5.6","","-5.5","","0.1","","14.4","","-16.1","","63.2","","0.3","","63.2","","0","T","32","","64",""
"1975-05","1975","05","18.8","","4.7","","11.8","","28.9","S","-2.2","","90.4","","0.0","","90.4","","0","","29","","48",""
"1975-06","1975","06","21.9","","9.1","","15.5","","31.7","","1.7","","98.0","","0.0","","98.0","","0","","29","","51","S"
"1975-07","1975","07","25.6","","12.1","","18.9","","35.6","","3.9","","68.8","","0.0","","68.8","","0","","29","","71",""
"1975-08","1975","08","23.9","","10.8","","17.4","","33.9","","4.4","","35.6","","0.0","","35.6","","0","","29","","61",""
"1975-09","1975","09","16.4","","6.9","","11.7","","22.8","","1.1","S","117.6","","0.0","T","117.6","","0","","32","","74",""
"1975-10","1975","10","13.6","","3.9","","8.8","","21.7","","-8.9","","31.0","","0.0","T","31.0","","0","","29","","71",""
"1975-11","1975","11","6.9","","-2.8","","2.1","","16.7","","-21.7","","60.7","","26.7","","79.5","","0","","29","","108",""
"1975-12","1975","12","-2.2","","-11.0","","-6.6","","11.7","","-26.1","S","26.2","","24.4","","50.8","","5","","32","","93",""
"1976-01","1976","01","-7.1","","-17.3","","-12.2","","0.6","","-29.4","S","0.0","T","88.6","","71.9","","48","","27","","72",""
"1976-02","1976","02","-1.0","","-13.8","","-7.4","","7.8","","-30.6","","0.3","","64.5","","55.9","","53","","29","","64",""
"1976-03","1976","03","0.3","","-9.8","","-4.8","","13.3","","-25.6","","75.7","","56.9","","126.7","","8","","29","","74",""
"1976-04","1976","04","10.1","","-0.9","","4.6","","27.2","","-8.3","","40.9","","13.0","","55.9","","0","","29","","56",""
"1976-05","1976","05","15.0","","2.2","","8.6","","25.6","","-5.0","","37.6","","3.8","","44.2","","0","","23","","63",""
"1976-06","1976","06","24.7","","9.0","","16.9","","30.0","S","2.2","","45.2","","0.0","","45.2","","0","","32","","56",""
"1976-07","1976","07","23.8","","10.6","","17.2","","31.7","","5.6","","34.0","","0.0","","34.0","","0","","32","","60",""
"1976-08","1976","08","25.1","","10.3","","17.7","","32.8","S","2.2","S","35.8","","0.0","","35.8","","0","","29","","74",""
"1976-09","1976","09","18.1","","5.7","","11.9","","32.8","","-1.7","","48.8","","0.0","","48.8","","0","","32","","85",""
"1976-10","1976","10","9.8","","0.8","","5.3","","25.0","","-7.8","","19.8","","19.1","","41.9","","0","","27","","77",""
"1976-11","1976","11","1.5","","-5.7","","-2.1","","9.4","","-19.4","","1.8","","100.1","","81.5","","18","","29","","66","S"
"1976-12","1976","12","-6.3","","-17.8","","-12.1","","3.9","","-35.0","","0.5","","84.8","","66.5","","48","","29","","77",""
"1977-01","1977","01","-9.3","","-19.0","","-14.2","","-1.9","","-35.0","","0.0","","72.4","","62.3","","84","","29","","56","E"
"1977-02","1977","02","-5.4","","-13.8","","-9.6","","2.7","","-24.2","","15.1","","46.7","","60.2","","103","","29","","61","E"
"1977-03","1977","03","2.9","","-5.9","","-1.5","","10.8","","-16.0","","70.9","","42.8","","109.1","","10","","29","S","74","B"
"1977-04","1977","04","9.9","","-1.7","","4.1","","19.2","","-16.4","","21.9","","23.9","","47.1","","0","","31","","67","E"
"1977-05","1977","05","19.9","","4.6","","12.3","","28.5","","-3.2","","59.9","","0.0","","59.9","","0","","31","","67","E"
"1977-06","1977","06","19.1","","6.5","","12.8","","28.5","","-1.4","","80.6","","0.0","","80.6","","0","","29","","44",""
"1977-07","1977","07","23.8","","11.3","","17.6","","34.8","","4.8","","97.6","","0.0","","97.6","","0","","29","","48","E"
"1977-08","1977","08","20.5","","9.1","","14.8","","28.2","","3.1","","102.3","","0.0","","102.3","","0","","29","","98","E"
"1977-09","1977","09","16.8","","8.8","","12.8","","24.2","","2.1","","89.9","","0.0","","89.9","","0","","29","","93","E"
"1977-10","1977","10","11.6","","2.3","","7.0","","17.8","","-6.4","","56.0","","0.0","T","56.0","","0","","27","","100","E"
"1977-11","1977","11","4.7","","-2.0","","1.4","","15.0","","-17.4","","79.8","","42.8","","120.3","","10","","34","","89","E"
"1977-12","1977","12","-3.2","","-9.3","","-6.3","","2.9","","-25.6","","16.3","","64.3","","79.8","","39","","30","","85","E"
"1978-01","1978","01","-6.7","","-17.1","","-11.9","","0.6","","-29.4","","0.0","T","84.9","","76.6","","53","","32","","107","E"
"1978-02","1978","02","-6.3","","-18.5","","-12.4","","0.2","","-27.7","","0.0","","17.9","","16.3","","48","","31","","61","E"
"1978-03","1978","03","0.2","","-13.6","","-6.7","","7.8","","-25.6","","1.6","","23.5","","22.2","","20","","29","","85",""
"1978-04","1978","04","5.7","","-3.1","","1.3","","15.5","","-12.5","","30.2","","8.5","","41.0","","0","T","27","","102",""
"1978-05","1978","05","18.8","","4.7","","11.8","","31.3","","-2.7","","89.2","","0.0","","89.2","","0","","20","","78",""
"1978-06","1978","06","19.4","","5.9","","12.7","","26.8","S","-1.8","","108.3","","0.0","","108.3","","0","","21","","65",""
"1978-07","1978","07","22.9","","10.0","","16.5","","27.7","","3.9","","101.2","","0.0","","101.2","","0","","29","","67","S"
"1978-08","1978","08","22.6","","11.2","","16.9","","30.7","","2.2","","86.9","","0.0","","86.9","","0","","29","S","69","S"
"1978-09","1978","09","17.2","","8.1","","12.7","","24.3","","0.1","","158.9","","0.0","","158.9","","0","","27","","94",""
"1978-10","1978","10","11.1","","1.9","","6.5","","19.2","","-7.4","","71.1","","0.2","","71.3","","0","","33","","67",""
"1978-11","1978","11","4.3","","-4.7","","-0.2","","18.4","","-16.0","","36.5","","32.1","","66.1","","4","","20","","96",""
"1978-12","1978","12","-3.2","","-11.0","","-7.1","","3.1","","-24.8","S","3.5","","118.6","","100.5","","76","","27","","69",""
"1979-01","1979","01","-8.5","","-16.9","","-12.7","","-0.6","","-29.0","","0.0","T","76.4","","53.8","","62","","26","S","59","S"
"1979-02","1979","02","-9.5","","-22.0","","-15.8","","5.3","","-38.7","","3.6","","46.1","","42.1","","69","","26","","56",""
"1979-03","1979","03","0.9","","-7.1","","-3.1","","7.4","","-19.5","","82.4","","30.9","","113.0","","15","","30","","61",""
"1979-04","1979","04","7.3","","-2.4","","2.5","","21.9","","-11.8","","61.0","","51.7","","114.3","","0","","30","","89",""
"1979-05","1979","05","14.1","","2.9","","8.5","","25.0","","-2.9","","49.4","","0.7","","50.5","","0","","21","","63",""
"1979-06","1979","06","19.5","","6.5","","13.0","","25.8","","1.2","S","127.1","","0.0","","127.1","","0","","30","","54",""
"1979-07","1979","07","25.0","","11.5","","18.3","","31.4","","4.6","","125.7","","0.0","","125.7","","0","","32","","48",""
"1979-08","1979","08","21.1","","10.3","","15.7","","27.2","","2.8","","118.5","","0.0","","118.5","","0","","16","","69",""
"1979-09","1979","09","18.5","","6.8","","12.7","","26.7","","-1.2","","46.2","","0.0","","46.2","","0","","21","","59",""
"1979-10","1979","10","9.9","","2.1","","6.0","","19.6","","-3.7","","143.2","","10.4","","156.8","","0","","28","","50",""
"1979-11","1979","11","4.0","","-1.9","","1.1","","13.6","","-12.3","","61.0","","30.6","","96.1","","8","","27","","72",""
"1979-12","1979","12","-0.1","","-6.9","","-3.5","","5.5","","-16.4","","8.6","","53.7","","53.0","","0","T","30","","67",""
"1980-01","1980","01","-4.3","","-13.9","","-9.1","","6.7","","-28.7","","33.3","","75.7","","88.7","","17","","30","","83",""
"1980-02","1980","02","-5.9","","-17.7","","-11.8","","2.0","","-30.1","","0.0","T","32.7","","22.1","","30","","21","S","46","S"
"1980-03","1980","03","-0.3","","-11.3","","-5.8","","10.5","","-28.9","","2.2","","33.7","","29.0","","0","T","31","","67","S"
"1980-04","1980","04","9.1","","-0.8","","4.2","","21.7","","-8.9","","76.4","","10.6","","87.7","","0","","8","","67",""
"1980-05","1980","05","18.8","","4.3","","11.6","","31.8","","-1.7","","33.9","","0.0","","33.9","","0","","29","","52",""
"1980-06","1980","06","19.6","","7.1","","13.4","","32.7","","-1.4","","112.9","","0.0","","112.9","","0","","31","","57",""
"1980-07","1980","07","24.3","","11.1","","17.7","","29.0","","6.3","","49.3","","0.0","","49.3","","0","","23","","52",""
"1980-08","1980","08","23.9","","12.8","","18.4","","29.6","","8.0","","79.3","","0.0","","79.3","","0","","31","","46",""
"1980-09","1980","09","16.7","","7.0","","11.9","","25.8","","-1.7","","84.4","","0.0","","84.4","","0","","31","","70",""
"1980-10","1980","10","8.5","","0.1","","4.3","","19.0","","-4.1","","45.1","","17.8","","63.7","","0","","33","","74",""
"1980-11","1980","11","3.4","","-4.0","","-0.3","","9.7","","-12.5","","19.7","","23.9","","43.2","","5","","31","S","63","S"
"1980-12","1980","12","-4.7","","-14.5","","-9.6","","3.1","","-31.4","","8.0","","141.8","","110.9","","72","","31","","76",""
"1981-01","1981","01","-6.8","","-18.5","","-12.7","","3.3","","-35.9","","0.0","T","26.5","","19.7","","30","","32","","52",""
"1981-02","1981","02","-1.9","","-12.2","","-7.1","","8.4","","-33.1","","13.7","","53.6","","67.4","","20","","33","","67",""
"1981-03","1981","03","2.5","","-7.4","","-2.5","","11.8","","-20.3","","16.1","","18.4","","33.7","","0","T","31","S","48","S"
"1981-04","1981","04","9.3","","-1.2","","4.1","","16.2","","-8.5","","77.2","","1.8","","78.8","","0","","33","","70",""
"1981-05","1981","05","16.0","","3.2","","9.6","","28.7","","-2.7","","31.6","","0.0","","31.6","","0","","32","","44","S"
"1981-06","1981","06","20.1","","7.4","","13.8","","27.6","","1.4","","151.9","","0.0","","151.9","","0","","23","","65",""
"1981-07","1981","07","24.8","","11.4","","18.1","","32.1","","5.5","","39.8","","0.0","","39.8","","0","","31","","41",""
"1981-08","1981","08","24.3","","12.2","","18.3","","27.2","","3.8","","69.6","","0.0","","69.6","","0","","32","","50",""
"1981-09","1981","09","16.7","","5.6","","11.2","","25.3","","-1.5","","55.1","","0.0","","55.1","","0","","30","","85",""
"1981-10","1981","10","9.1","","1.0","","5.1","","15.5","","-4.9","","101.3","","12.8","","116.5","","0","","32","","83",""
"1981-11","1981","11","6.0","","-2.8","","1.6","","13.9","S","-9.4","","23.3","","17.9","","48.7","","1","","30","","72",""
"1981-12","1981","12","-1.9","","-8.1","","-5.0","","3.9","","-18.6","","8.1","","48.6","","49.9","","15","","34","","52",""
"1982-01","1982","01","-8.1","","-21.3","","-14.7","","-0.3","","-36.8","","0.4","","146.9","","138.0","","81","","33","","93",""
"1982-02","1982","02","-5.3","","-16.8","","-11.1","","4.1","","-32.2","","0.2","","21.6","","18.8","","40","","25","","69",""
"1982-03","1982","03","-0.5","","-11.2","","-5.9","","6.6","","-30.4","","36.0","","32.2","","68.1","","7","","31","","91",""
"1982-04","1982","04","5.6","","-5.8","","-0.1","","19.2","","-20.6","","25.3","","51.8","","107.7","","0","T","32","","81","S"
"1982-05","1982","05","19.0","","6.2","","12.6","","25.8","","-0.7","","38.0","","0.0","","38.0","","0","","10","","50",""
"1982-06","1982","06","18.5","","5.0","","11.8","","27.5","","-1.7","","66.4","","0.0","","66.4","","0","","32","","57",""
"1982-07","1982","07","24.8","","11.4","","18.1","","30.7","","5.1","","39.8","","0.0","","39.8","","0","","33","S","61","S"
"1982-08","1982","08","20.1","","9.8","","15.0","","27.1","","1.7","S","79.5","","0.0","","79.5","","0","","32","","57",""
"1982-09","1982","09","17.4","","8.7","","13.1","","28.3","","2.6","","171.2","","0.0","","171.2","","0","","29","","69",""
"1982-10","1982","10","12.8","","4.1","","8.5","","23.0","","-3.0","","89.8","","7.8","","97.6","","0","","33","","78",""
"1982-11","1982","11","4.7","","-2.2","","1.3","","14.4","","-10.2","","79.6","","24.1","","103.5","","0","T","31","","102",""
"1982-12","1982","12","0.7","","-6.9","","-3.1","","15.4","","-23.4","","81.1","","42.8","","119.9","","10","","31","","85",""
"1983-01","1983","01","-3.3","","-12.9","","-8.1","","3.2","","-26.6","","8.9","","42.0","","50.0","","20","","22","","70",""
"1983-02","1983","02","-1.7","","-9.8","","-5.8","","8.2","","-23.7","","3.9","","26.7","","23.4","","9","","22","","57",""
"1983-03","1983","03","1.7","","-6.4","","-2.4","","8.9","","-21.6","","36.7","","32.9","","71.7","","1","","31","","61",""
"1983-04","1983","04","7.0","","-2.4","","2.3","","23.0","","-9.2","","56.9","","11.9","","71.2","","0","","10","","83",""
"1983-05","1983","05","12.9","","1.5","","7.2","","23.9","","-4.8","","115.2","","0.2","","115.4","","0","","7","","69",""
"1983-06","1983","06","22.9","","8.7","","15.8","","31.9","","-1.1","","57.6","","0.0","","57.6","","0","","29","","100",""
"1983-07","1983","07","27.0","","13.8","","20.4","","32.9","","3.8","","68.4","","0.0","","68.4","","0","","30","S","56","S"
"1983-08","1983","08","25.6","","14.2","","19.9","","30.3","","7.7","","66.0","","0.0","","66.0","","0","","31","","70",""
"1983-09","1983","09","19.9","","10.2","","15.1","","30.7","","0.1","","75.6","","0.0","","75.6","","0","","30","","83",""
"1983-10","1983","10","12.4","","2.9","","7.7","","24.2","","-3.7","","100.3","","0.0","T","100.3","","0","","31","","89",""
"1983-11","1983","11","4.4","","-2.6","","0.9","","12.0","","-12.7","","60.0","","15.7","","75.9","","4","","22","","80","S"
"1983-12","1983","12","-5.8","","-14.7","","-10.3","","2.3","","-29.0","","0.0","T","90.1","","71.0","","53","","11","","67",""
"1984-01","1984","01","-7.7","","-18.7","","-13.2","","1.5","","-32.9","","0.0","T","52.9","","39.7","","54","","31","","83",""
"1984-02","1984","02","-0.4","","-8.1","","-4.3","","8.7","","-27.5","","12.5","","21.4","","38.6","","8","","13","","70",""
"1984-03","1984","03","-1.3","","-11.2","","-6.3","","6.4","","-27.3","","33.5","","13.8","","45.1","","0","T","26","","100",""
"1984-04","1984","04","11.7","","0.1","","5.9","","20.8","","-5.4","","34.6","","3.0","","37.0","","0","","28","","89",""
"1984-05","1984","05","13.5","","2.2","","7.9","","25.1","","-5.0","","26.3","","3.1","","29.0","","0","","31","","67",""
"1984-06","1984","06","20.7","","8.3","","14.5","","29.8","","0.6","","107.3","","0.0","","107.3","","0","","24","S","67","S"
"1984-07","1984","07","23.3","","10.5","","16.9","","28.5","","5.2","","67.8","","0.0","","67.8","","0","","26","","96",""
"1984-08","1984","08","23.9","","12.6","","18.3","","28.9","","4.0","","65.4","","0.0","","65.4","","0","","34","","56",""
"1984-09","1984","09","17.1","","6.3","","11.7","","23.5","","-0.2","","129.4","","1.2","","131.4","","0","","31","","80",""
"1984-10","1984","10","13.0","","4.7","","8.9","","18.4","","-2.9","","94.1","","0.0","T","94.1","","0","","31","","80",""
"1984-11","1984","11","4.5","","-2.9","","0.8","","11.7","","-13.8","","69.6","","28.9","","93.1","","1","","28","","89",""
"1984-12","1984","12","-1.1","","-9.1","","-5.1","","10.6","","-20.8","","45.0","","127.9","","154.8","","32","","24","","98",""
"1985-01","1985","01","-6.4","","-15.8","","-11.1","","1.1","","-27.5","","0.0","T","93.7","","86.7","","60","","33","","59",""
"1985-02","1985","02","-5.7","","-16.4","","-11.1","","4.0","","-32.3","","11.9","","74.2","","87.1","","46","","30","","80",""
"1985-03","1985","03","2.1","","-8.4","","-3.2","","8.4","","-22.6","","40.0","","34.8","","79.3","","14","","10","","80",""
"1985-04","1985","04","8.0","","-1.4","","3.3","","26.3","","-15.1","","87.3","","21.8","","121.1","","0","","31","","85",""
"1985-05","1985","05","16.4","","4.5","","10.5","","25.3","","-1.8","","128.0","","0.0","","128.0","","0","","30","","65",""
"1985-06","1985","06","18.4","","6.7","","12.6","","26.4","","0.4","","49.3","","0.0","","49.3","","0","","30","","65",""
"1985-07","1985","07","22.2","","9.7","","16.0","","29.4","","3.2","","58.3","","0.0","","58.3","","0","","31","","70",""
"1985-08","1985","08","22.4","","10.5","","16.5","","28.9","","5.1","","122.8","","0.0","","122.8","","0","","15","","61",""
"1985-09","1985","09","18.7","","8.8","","13.8","","27.7","","0.9","","81.2","","0.0","","81.2","","0","","22","","85",""
"1985-10","1985","10","12.1","","3.1","","7.6","","17.6","","-4.9","","83.7","","0.0","T","83.7","","0","","30","","89",""
"1985-11","1985","11","3.2","","-2.9","","0.2","","13.7","","-12.3","","63.5","","47.2","","103.2","","16","","21","","87",""
"1985-12","1985","12","-5.5","","-14.0","","-9.8","","1.3","","-29.2","","1.0","","176.1","","128.0","","55","","33","","89",""
"1986-01","1986","01","-5.5","","-16.8","","-11.2","","3.3","","-35.9","","2.8","","48.2","","40.5","","42","","29","","80",""
"1986-02","1986","02","-5.1","","-15.5","","-10.3","","2.5","","-27.2","","0.6","","28.8","","22.7","","42","","31","","56",""
"1986-03","1986","03","1.5","","-9.1","","-3.8","","12.8","","-25.4","","34.1","","57.3","","99.5","","27","","31","","74",""
"1986-04","1986","04","11.1","","0.5","","5.8","","25.9","","-6.7","","34.5","","2.0","","36.1","","0","","22","","76",""
"1986-05","1986","05","17.9","","4.7","","11.3","","28.8","","-3.7","","33.4","","0.0","T","33.4","","0","","31","","89",""
"1986-06","1986","06","19.3","","6.3","","12.8","","25.3","","-1.8","","142.2","","0.0","","142.2","","0","","31","","70",""
"1986-07","1986","07","24.1","","11.8","","18.0","","30.0","S","4.5","S","99.9","","0.0","","99.9","","0","","1","","56",""
"1986-08","1986","08","21.2","","10.6","","15.9","","27.0","S","5.4","","102.8","","0.0","T","102.8","","0","","30","","67",""
"1986-09","1986","09","16.5","","8.1","","12.3","","25.4","","0.2","","128.2","","0.0","","128.2","","0","","26","","61",""
"1986-10","1986","10","11.7","","1.3","","6.5","","19.5","","-5.3","","85.0","","0.6","","85.6","","0","","32","","93",""
"1986-11","1986","11","2.7","","-4.7","","-1.0","","15.3","","-15.1","","13.2","","58.5","","70.9","","0","T","22","S","85","S"
"1986-12","1986","12","-0.2","","-6.2","","-3.2","","3.7","","-19.1","","6.2","","50.6","","53.5","","6","","31","","76",""
"1987-01","1987","01","-2.5","","-11.4","","-7.0","","4.3","","-29.2","","0.2","","86.8","","56.6","","30","","30","","59",""
"1987-02","1987","02","-0.6","","-12.1","","-6.4","","5.6","","-30.0","","0.0","T","17.4","","15.6","","8","","3","","83",""
"1987-03","1987","03","3.7","","-7.5","","-1.9","","14.6","","-21.9","","14.0","","21.0","","35.3","","1","","11","S","59","S"
"1987-04","1987","04","13.2","","0.6","","6.9","","27.2","","-11.1","","32.0","","5.8","","36.8","","0","","32","","78",""
"1987-05","1987","05","17.7","","4.4","","11.1","","30.0","","-4.4","","81.2","","0.0","","81.2","","0","","31","","59",""
"1987-06","1987","06","22.6","","9.2","","15.9","","31.4","","1.7","","62.6","","0.0","","62.6","","0","","32","","52",""
"1987-07","1987","07","25.4","","13.4","","19.4","","31.3","","3.7","","94.8","","0.0","","94.8","","0","","23","","109",""
"1987-08","1987","08","22.6","","12.3","","17.5","","31.7","","6.7","","117.4","","0.0","","117.4","","0","","32","S","67","S"
"1987-09","1987","09","19.6","","8.5","","14.1","","25.9","","0.9","","76.6","","0.0","","76.6","","0","","33","","59",""
"1987-10","1987","10","10.4","","1.2","","5.8","","18.4","","-3.9","","124.1","","5.3","","129.4","","0","","29","","85",""
"1987-11","1987","11","5.0","","-2.7","","1.2","","16.0","","-14.0","","66.2","","42.4","","105.6","","0","","30","","87",""
"1987-12","1987","12","0.1","","-6.5","","-3.2","","7.3","","-17.5","","27.5","","74.6","","79.7","","7","","29","","76",""
"1988-01","1988","01","-5.1","","-15.5","","-10.3","","5.5","","-28.4","","7.6","","91.0","","77.4","","14","","29","","80",""
"1988-02","1988","02","-5.6","","-17.7","","-11.7","","5.7","","-28.3","","0.4","","53.3","","37.4","","32","","21","","74",""
"1988-03","1988","03","0.0","","-11.1","","-5.6","","10.6","","-27.6","","28.4","","75.8","","85.9","","23","","11","","74",""
"1988-04","1988","04","8.3","","-1.6","","3.4","","16.9","","-5.5","","50.2","","14.1","","63.1","","0","","28","","91",""
"1988-05","1988","05","19.3","","3.2","","11.3","","31.2","","-5.3","","36.9","","0.0","","36.9","","0","","31","","89",""
"1988-06","1988","06","22.3","","8.1","","15.2","","32.8","","1.8","","10.2","","0.0","","10.2","","0","","32","","89",""
"1988-07","1988","07","26.9","","12.1","","19.5","","36.8","","5.1","","66.4","","0.0","","66.4","","0","","17","","74",""
"1988-08","1988","08","23.9","","12.5","","18.2","","33.7","","5.3","","137.8","","0.0","","137.8","","0","","23","","72",""
"1988-09","1988","09","18.3","","7.9","","13.1","","26.8","","1.5","S","76.8","","0.0","","76.8","","0","","30","","67",""
"1988-10","1988","10","8.9","","1.4","","5.2","","18.7","","-4.0","","122.4","","18.2","","139.4","","3","","29","","93",""
"1988-11","1988","11","5.4","","-0.2","","2.6","","14.6","","-5.1","","155.1","","14.6","","169.7","","3","","21","","91",""
"1988-12","1988","12","-2.6","","-11.6","","-7.1","","7.5","","-26.7","","9.8","","106.8","","82.3","","24","","31","","87",""
"1989-01","1989","01","-1.9","","-12.2","","-7.1","","4.7","","-31.1","","5.6","","77.2","","63.2","","31","","24","","76",""
"1989-02","1989","02","-6.3","","-18.3","","-12.3","","-0.2","","-29.2","","0.0","","76.7","","58.9","","35","","30","","100",""
"1989-03","1989","03","-1.6","","-13.5","","-7.6","","16.8","","-26.1","","9.8","","56.5","","59.6","","10","","6","","59",""
"1989-04","1989","04","7.7","","-2.7","","2.5","","17.0","","-11.2","","41.2","","12.5","","51.8","","0","","32","","65",""
"1989-05","1989","05","17.0","","3.9","","10.5","","27.5","","-1.5","","54.0","","0.2","","54.2","","0","","5","","78",""
"1989-06","1989","06","20.5","","8.3","","14.4","","29.1","","-1.4","","59.0","","0.0","","59.0","","0","","31","","46",""
"1989-07","1989","07","27.3","","11.0","","19.2","","32.4","","3.8","","8.4","","0.0","","8.4","","0","","33","","59",""
"1989-08","1989","08","22.9","","11.2","","17.1","","30.3","","5.6","","85.2","","0.0","","85.2","","0","","30","","70",""
"1989-09","1989","09","19.6","","6.4","","13.0","","27.5","","-3.0","","30.3","","2.1","","32.4","","0","","32","","80",""
"1989-10","1989","10","12.4","","2.5","","7.5","","23.8","","-4.6","","62.0","","2.6","","64.6","","0","","32","","78",""
"1989-11","1989","11","1.5","","-6.0","","-2.3","","7.3","","-18.6","","36.5","","112.3","","123.6","","15","","32","","100",""
"1989-12","1989","12","-8.5","","-19.6","","-14.1","","1.2","","-30.2","","0.0","T","101.3","","55.8","","25","","32","","72",""
"1990-01","1990","01","-0.9","","-9.1","","-5.0","","4.0","","-19.0","","5.6","","87.0","","64.5","","37","","29","","78",""
"1990-02","1990","02","-3.0","","-14.1","","-8.6","","4.9","","-31.8","","1.2","","69.4","","52.2","","37","","30","","74",""
"1990-03","1990","03","1.6","","-9.1","","-3.8","","12.0","","-25.1","","45.3","","21.6","","59.7","","0","T","30","","63",""
"1990-04","1990","04","10.1","","-1.4","","4.4","","27.8","","-11.6","","12.2","","49.1","","50.9","","0","","28","","61",""
"1990-05","1990","05","14.9","","2.5","","8.7","","22.9","","-3.2","","77.9","","3.4","","81.3","","0","","32","","72",""
"1990-06","1990","06","20.1","","7.1","","13.6","","28.4","","-1.1","","116.2","","0.0","","116.2","","0","","4","","50",""
"1990-07","1990","07","23.4","","10.6","","17.0","","29.7","","5.6","","45.6","","0.0","","45.6","","0","","24","","59",""
"1990-08","1990","08","22.8","","10.9","","16.9","","27.2","","5.7","","59.0","","0.0","","59.0","","0","","33","S","48","S"
"1990-09","1990","09","17.7","","7.6","","12.7","","27.1","","-2.3","","119.4","","0.0","","119.4","","0","","32","","61","S"
"1990-10","1990","10","10.9","","1.3","","6.1","","17.0","","-6.6","","96.4","","2.0","","98.2","","0","","31","","104",""
"1990-11","1990","11","5.9","","-1.4","","2.3","","18.9","","-8.0","","61.2","","41.6","","97.8","","0","T","33","","113",""
"1990-12","1990","12","-1.2","","-9.8","","-5.5","","7.4","","-24.2","","4.3","","80.1","","68.5","","9","","28","","81",""
"1991-01","1991","01","-6.3","","-15.4","","-10.9","","2.7","","-27.7","","0.0","T","74.4","","41.9","","20","","22","","70",""
"1991-02","1991","02","-2.1","","-13.3","","-7.7","","8.0","","-24.4","","0.7","","41.1","","21.9","","22","","33","","69",""
"1991-03","1991","03","1.5","","-8.4","","-3.4","","7.4","","-18.1","","58.4","","32.2","","90.4","","1","","29","","96",""
"1991-04","1991","04","10.9","","-0.2","","5.4","","22.1","","-10.1","","62.0","","31.0","","91.6","","0","","32","","67",""
"1991-05","1991","05","18.9","","5.3","","12.1","","29.9","","-1.9","","37.0","","0.0","T","37.0","","0","","11","","52",""
"1991-06","1991","06","23.9","","9.2","","16.6","","30.8","","2.0","","27.8","","0.0","","27.8","","0","","25","","57",""
"1991-07","1991","07","23.7","","11.3","","17.5","","32.5","","4.4","","79.8","","0.0","","79.8","","0","","34","","65",""
"1991-08","1991","08","25.2","","12.1","","18.7","","32.8","","6.1","","43.0","","0.0","","43.0","","0","","31","","59",""
"1991-09","1991","09","17.3","","7.2","","12.2","","27.0","","-2.7","","135.3","","2.6","","137.9","","0","","32","","89",""
"1991-10","1991","10","11.3","","2.7","","7.0","","23.8","","-3.5","","82.5","","1.0","","84.1","","0","","34","","76",""
"1991-11","1991","11","3.5","","-3.4","","0.1","","12.0","","-11.5","","45.9","","46.4","","81.7","","2","","23","","98",""
"1991-12","1991","12","-1.8","","-10.3","","-6.1","","4.8","","-23.6","","13.4","","58.0","","58.0","","8","","29","","82",""
"1992-01","1992","01","-4.1","","-13.3","","-8.7","","3.9","","-26.4","","6.4","","97.2","","78.7","","21","","29","","83",""
"1992-02","1992","02","-3.6","","-14.2","","-8.9","","3.1","","-28.2","","0.2","","42.6","","31.8","","29","","34","","59",""
"1992-03","1992","03","-0.9","","-12.2","","-6.6","","6.9","","-25.3","","11.8","","19.8","","30.4","","14","","32","","59",""
"1992-04","1992","04","6.0","","-2.7","","1.7","","12.7","","-16.9","","59.0","","16.1","","70.4","","0","","31","","69",""
"1992-05","1992","05","17.5","","2.9","","10.2","","28.9","","-3.5","","40.0","","0.0","","40.0","","0","","33","","57",""
"1992-06","1992","06","19.6","","5.9","","12.8","","28.0","","-1.0","","43.3","","0.0","","43.3","","0","","21","","48",""
"1992-07","1992","07","19.1","","8.3","","13.7","","25.4","S","1.4","","124.9","","0.0","","124.9","","0","","30","","56",""
"1992-08","1992","08","21.3","","8.9","","15.1","","28.8","","2.3","","47.4","","0.0","","47.4","","0","","29","","63",""
"1992-09","1992","09","17.5","","6.8","","12.1","","24.2","","-1.1","","141.1","","0.0","T","141.1","","0","","32","","89",""
"1992-10","1992","10","10.2","","1.4","","5.8","","24.2","","-7.0","","57.4","","21.9","","77.7","","0","","32","","72",""
"1992-11","1992","11","2.2","","-3.7","","-0.7","","8.4","","-14.5","","81.1","","42.8","","133.4","","3","","31","","85",""
"1992-12","1992","12","-1.0","","-7.9","","-4.5","","6.8","","-18.8","","23.4","","105.6","","107.9","","19","",,"",,""
"1993-01","1993","01","-3.9","","-14.2","","-9.1","","4.1","","-27.4","","7.2","","67.1","","51.5","","20","",,"",,""
"1993-02","1993","02","-5.8","","-19.3","","-12.5","","4.9","","-28.2","","0.0","T","9.2","","5.8","","15","",,"",,""
"1993-03","1993","03","1.5","","-9.8","","-4.2","","13.8","","-23.5","","2.8","","10.7","","12.3","","1","",,"",,""
"1993-04","1993","04","7.0","","-2.3","","2.4","","16.1","","-6.9","","78.7","","26.8","","103.5","","0","",,"",,""
"1993-05","1993","05","14.0","","3.4","","8.7","","30.0","","-2.7","","121.8","","0.0","","121.8","","0","",,"",,""
"1993-06","1993","06","19.3","","7.5","","13.4","","27.1","","0.8","","91.8","","0.0","","91.8","","0","",,"",,""
"1993-07","1993","07","23.1","","12.2","","17.7","","30.1","","6.9","","97.1","","0.0","","97.1","","0","",,"",,""
"1993-08","1993","08","24.1","","12.1","","18.1","","31.2","","5.4","","64.2","","0.0","","64.2","","0","",,"",,""
"1993-09","1993","09","16.5","","4.5","","10.5","","24.4","","-3.9","","91.3","","0.0","T","91.3","","0","",,"",,""
"1993-10","1993","10","9.1","","1.2","","5.1","","15.6","S","-5.7","","105.0","","11.4","","116.4","","0","",,"",,""
"1993-11","1993","11","2.5","","-4.9","","-1.2","","9.5","","-12.3","","36.0","","29.9","","61.9","","4","",,"",,""
"1993-12","1993","12","-1.6","","-9.8","","-5.7","","7.8","","-32.5","","17.6","","48.6","","57.2","","18","",,"",,""
"1994-01","1994","01","-12.1","","-23.2","","-17.7","","-0.9","","-36.2","","0.0","T","62.7","","56.2","","22","","30","","56","S"
"1994-02","1994","02","-8.2","","-20.3","","-14.3","","8.6","","-33.2","","11.0","","12.7","","23.1","","4","","31","","63","E"
"1994-03","1994","03","0.8","","-9.7","","-4.5","","9.2","","-19.5","","1.8","","39.1","","37.0","","5","","31","","74","E"
"1994-04","1994","04","7.3","","-3.1","","2.1","","16.9","","-14.4","","51.4","","13.4","","64.6","","0","","30","","80","E"
"1994-05","1994","05","15.8","","2.1","","9.0","","29.8","","-3.9","","84.3","","0.0","T","84.3","","0","","31","","50","E"
"1994-06","1994","06","22.0","","8.3","","15.2","","33.0","","0.3","","62.0","","0.0","","62.0","","0","","32","","52","E"
"1994-07","1994","07","23.4","","11.0","","17.2","","28.0","","5.1","","86.0","","0.0","","86.0","","0","","33","","46","E"
"1994-08","1994","08","21.4","","10.4","","15.9","","28.1","","3.2","","117.3","","0.0","","117.3","","0","","31","","74","E"
"1994-09","1994","09","19.0","","8.8","","13.9","","25.5","","1.7","","54.1","","0.0","T","54.1","","0","","31","","57","E"
"1994-10","1994","10","13.7","","4.5","","9.1","","20.5","S","-1.8","","70.4","","0.4","","70.8","","0","","31","","63","E"
"1994-11","1994","11","6.2","","-2.1","","2.1","","14.6","","-12.1","","44.4","","42.4","","80.4","","8","","22","","89","E"
"1994-12","1994","12","2.2","","-4.7","","-1.2","","8.3","","-14.2","","3.0","","10.9","","10.9","","1","","32","","67","E"
"1995-01","1995","01","-3.2","","-9.4","","-6.3","","2.6","","-21.7","","21.6","","61.2","","66.4","","5","","24","","72","E"
"1995-02","1995","02","-5.8","","-17.6","","-11.8","","4.0","","-30.2","","1.4","","38.0","","36.4","","12","","30","E","70","E"
"1995-03","1995","03","2.7","","-8.1","","-2.7","","18.3","","-29.2","","11.4","","39.3","","45.6","","0","","22","E","46","E"
"1995-04","1995","04","5.5","","-3.4","","1.1","","11.3","","-14.5","","73.6","","24.8","","97.8","","0","","32","E","89","E"
"1995-05","1995","05","15.7","","3.4","","9.6","","26.7","","-2.2","","64.5","","0.0","","64.5","","0","","31","B","50","B"
"1995-06","1995","06","24.8","","11.0","","18.0","","33.3","","1.7","","49.9","","0.0","","49.9","","0","","6","E","46","E"
"1995-07","1995","07","23.8","","12.4","","18.1","","30.8","","5.5","","107.2","","0.0","","107.2","","0","","30","E","48","E"
"1995-08","1995","08","24.6","","13.7","","19.2","","30.4","","6.1","","173.5","","0.0","","173.5","","0","",,"",,""
"1995-09","1995","09","17.3","","6.1","","11.8","","25.9","","-0.6","","115.4","","0.0","T","115.4","","0","",,"",,""
"1995-10","1995","10","11.6","","4.4","","8.0","","24.9","","-2.9","","156.1","","1.4","","157.5","","0","",,"",,""
"1995-11","1995","11","0.3","","-7.1","","-3.4","","6.6","S","-19.2","","20.7","","76.9","","86.7","","4","",,"",,""
"1995-12","1995","12","-4.5","","-13.4","","-9.0","","2.1","","-26.5","","0.4","","207.2","","123.9","","44","",,"",,""
"1996-01","1996","01","-6.6","","-17.9","","-12.3","","6.5","","-30.5","","20.0","","108.0","","87.9","","39","",,"",,""
"1996-02","1996","02","-5.9","","-18.4","","-12.2","","2.3","","-33.6","","8.0","","48.6","","49.5","","27","",,"",,""
"1996-03","1996","03","-1.6","","-13.4","","-7.6","","9.5","","-28.9","","14.0","","31.7","","40.2","","17","",,"",,""
"1996-04","1996","04","4.3","","-4.3","","0.0","","10.6","","-13.1","","71.4","","36.9","","110.5","","0","",,"",,""
"1996-05","1996","05","14.8","","1.2","","8.0","","23.7","","-3.9","S","14.9","","0.2","","15.1","","0","",,"",,""
"1996-06","1996","06","21.3","","9.0","","15.2","","28.7","","2.4","","79.4","","0.0","","79.4","","0","",,"",,""
"1996-07","1996","07","20.4","","9.8","","15.1","","29.1","","4.8","","165.1","","0.0","","165.1","","0","",,"",,""
"1996-08","1996","08","23.8","","10.7","","17.3","","28.2","","5.0","","40.8","","0.0","","40.8","","0","",,"",,""
"1996-09","1996","09","19.6","","9.5","","14.6","","28.1","","1.9","","184.0","","0.0","","184.0","","0","",,"",,""
"1996-10","1996","10","11.7","","2.2","","7.0","","21.6","","-5.0","","111.8","","1.6","","113.4","","0","T",,"",,""
"1996-11","1996","11","1.8","","-4.9","","-1.6","","12.8","","-16.6","","23.4","","67.9","","80.1","","2","",,"",,""
"1996-12","1996","12","-2.1","","-8.1","","-5.1","","3.1","","-24.9","","14.0","","112.5","","101.2","","37","",,"",,""
"1997-01","1997","01","-6.8","","-18.0","","-12.4","","3.8","","-37.3","","24.0","","108.7","","114.9","","45","",,"",,""
"1997-02","1997","02","-3.0","","-14.7","","-8.9","","5.9","","-27.9","","2.0","","29.1","","26.8","","32","",,"",,""
"1997-03","1997","03","-1.1","","-11.1","","-6.1","","7.4","","-23.1","","6.8","","65.4","","63.3","","36","",,"",,""
"1997-04","1997","04","7.3","","-3.9","","1.7","","17.0","","-14.5","","33.2","","4.2","","37.2","","0","",,"",,""
"1997-05","1997","05","11.5","","0.9","","6.2","","23.9","","-3.9","","82.7","","0.0","","82.7","","0","",,"",,""
"1997-06","1997","06","23.9","","8.6","","16.3","","29.4","","1.9","","110.6","","0.0","","110.6","","0","",,"",,""
"1997-07","1997","07","23.1","","10.4","","16.8","","31.0","","3.1","S","29.6","","0.0","","29.6","","0","",,"",,""
"1997-08","1997","08","21.8","","9.4","","15.6","","29.4","","3.0","","68.0","","0.0","","68.0","","0","",,"",,""
"1997-09","1997","09","18.5","","8.0","","13.3","","24.8","","-0.3","","96.0","","0.0","","96.0","","0","",,"",,""
"1997-10","1997","10","11.7","","2.1","","6.9","","25.6","","-6.2","","36.2","","24.2","","59.2","","0","",,"",,""
"1997-11","1997","11","3.6","","-3.6","","0.0","","11.0","","-17.5","","37.4","","24.2","","58.4","","0","",,"",,""
"1997-12","1997","12","-0.1","","-7.1","","-3.6","","5.7","","-23.7","S","0.0","T","31.1","","26.1","","7","",,"",,""
"1998-01","1998","01","-3.8","","-12.4","","-8.2","","5.9","","-20.6","","3.5","","77.1","","62.4","","17","",,"",,""
"1998-02","1998","02","1.3","","-5.2","","-2.0","","7.7","","-17.4","","4.0","","9.3","","14.7","","0","T",,"",,""
"1998-03","1998","03","2.6","","-7.6","","-2.5","","16.1","","-23.1","","63.6","","29.2","","86.6","","0","",,"",,""
"1998-04","1998","04","12.3","","-1.3","","5.5","","23.6","","-6.3","","42.3","","5.9","","48.2","","0","",,"",,""
"1998-05","1998","05","20.3","","5.6","","13.0","","28.3","","-1.3","","43.8","","0.0","","43.8","","0","",,"",,""
"1998-06","1998","06","20.8","","9.9","","15.3","","29.7","","-1.2","","71.6","","0.0","","71.6","","0","",,"",,""
"1998-07","1998","07","24.7","","12.0","","18.4","","31.4","","6.9","","83.2","","0.0","","83.2","","0","",,"",,""
"1998-08","1998","08","24.9","","13.4","","19.2","","29.9","","6.2","","68.1","","0.0","","68.1","","0","",,"",,""
"1998-09","1998","09","20.3","","9.4","","14.8","","28.3","","0.4","","85.2","","0.0","","85.2","","0","",,"",,""
"1998-10","1998","10","13.4","","3.5","","8.5","","21.3","","-3.9","","71.7","","0.0","T","71.7","","0","",,"",,""
"1998-11","1998","11","6.0","","-0.3","","2.9","","14.4","","-6.2","","95.8","","11.7","","106.2","","0","",,"",,""
"1998-12","1998","12","0.8","","-8.6","","-3.9","","10.2","","-24.5","","13.3","","76.3","","64.0","","18","",,"",,""
"1999-01","1999","01","-6.4","","-16.3","","-11.4","","4.8","","-34.4","","19.4","","104.7","","90.7","","49","",,"",,""
"1999-02","1999","02","-1.0","","-11.4","","-6.2","","10.8","","-26.8","","22.8","","44.4","","64.2","","22","",,"",,""
"1999-03","1999","03","2.1","","-10.0","","-4.0","","17.5","","-25.6","S","2.4","","12.2","","14.4","","0","T",,"",,""
"1999-04","1999","04","11.3","","-0.3","","5.5","","19.7","","-5.8","","70.0","","0.0","T","70.0","","0","",,"",,""
"1999-05","1999","05","19.5","","5.4","","12.4","","29.5","","-0.2","","79.8","","0.0","","79.8","","0","",,"",,""
"1999-06","1999","06","23.0","","9.6","","16.3","","30.9","","-0.7","","59.6","","0.0","","59.6","","0","",,"",,""
"1999-07","1999","07","25.4","","14.1","","19.8","","32.0","","7.1","","131.8","","0.0","","131.8","","0","",,"",,""
"1999-08","1999","08","22.6","","10.3","","16.5","","27.8","","6.4","","102.4","","0.0","","102.4","","0","",,"",,""
"1999-09","1999","09","19.9","","8.4","","14.2","","31.0","","0.1","","91.2","","0.0","","91.2","","0","",,"",,""
"1999-10","1999","10","10.8","","1.4","","6.2","","18.9","","-4.5","","101.1","","0.2","","101.3","","0","",,"",,""
"1999-11","1999","11","7.4","","-1.0","","3.3","","19.4","","-6.8","","30.2","","9.3","","39.5","","1","",,"",,""
"1999-12","1999","12","-0.2","","-8.2","","-4.2","","6.4","","-21.1","","20.4","","73.3","","66.0","","26","",,"",,""
"2000-01","2000","01","-4.8","","-16.7","","-10.8","","2.6","","-31.9","","18.7","","106.1","","92.6","","30","",,"",,""
"2000-02","2000","02","-0.5","","-11.7","","-6.1","","8.7","","-24.6","","9.6","","29.6","","29.7","","2","",,"",,""
"2000-03","2000","03","5.7","","-4.4","","0.6","","16.0","","-17.7","","48.8","","24.6","","69.2","","0","",,"",,""
"2000-04","2000","04","9.5","","-2.0","","3.8","","19.6","","-8.2","","16.3","","13.0","","29.9","","0","",,"",,""
"2000-05","2000","05","17.1","","3.8","","10.5","","27.4","","-2.8","","28.9","","0.0","T","28.9","","0","",,"",,""
"2000-06","2000","06","20.0","","8.1","","14.1","","27.0","","1.1","","91.5","","0.0","","91.5","","0","",,"",,""
"2000-07","2000","07","23.6","","11.5","","17.6","","30.4","","3.2","","22.4","","0.0","","22.4","","0","",,"",,""
"2000-08","2000","08","23.4","","10.4","","17.0","","30.7","","2.7","","55.3","","0.0","","55.3","","0","",,"",,""
"2000-09","2000","09","18.4","","6.4","","12.4","","25.3","","-0.6","","57.2","","0.0","","57.2","","0","",,"",,""
"2000-10","2000","10","13.2","","2.3","","7.8","","23.1","","-6.0","","40.9","","0.0","T","40.9","","0","",,"",,""
"2000-11","2000","11","4.8","","-2.1","","1.3","","17.1","","-15.4","","44.4","","27.7","","70.0","","0","",,"",,""
"2000-12","2000","12","-5.7","","-15.8","","-10.8","","3.0","","-26.6","","0.2","","66.4","","44.6","","17","",,"",,""
"2001-01","2001","01","-2.4","","-12.0","","-7.2","","2.2","","-25.8","","4.6","","57.8","","39.8","","34","",,"",,""
"2001-02","2001","02","-5.0","","-15.1","","-10.1","","4.2","","-23.9","","28.5","","88.5","","94.7","","48","",,"",,""
"2001-03","2001","03","0.6","","-10.0","","-4.7","","9.2","","-20.3","","2.8","","36.8","","31.6","","27","",,"",,""
"2001-04","2001","04","10.0","","-0.7","","4.7","","25.8","","-5.2","","55.3","","18.0","","73.3","","0","",,"",,""
"2001-05","2001","05","17.7","","5.7","","11.7","","25.5","","-1.4","","120.5","","0.0","","120.5","","0","",,"",,""
"2001-06","2001","06","22.5","","9.4","","16.0","","32.0","","3.7","","61.6","","0.0","","61.6","","0","",,"",,""
"2001-07","2001","07","23.4","","11.9","","17.6","","32.0","","2.5","","33.2","","0.0","","33.2","","0","",,"",,""
"2001-08","2001","08","25.3","","12.3","","18.9","","32.6","","5.9","","83.7","","0.0","","83.7","","0","",,"",,""
"2001-09","2001","09","18.3","","8.1","","13.2","","26.4","","0.8","","161.2","","0.0","T","161.2","","0","",,"",,""
"2001-10","2001","10","12.1","","3.2","","7.7","","19.7","","-5.8","","180.0","","0.0","T","180.0","","0","",,"",,""
"2001-11","2001","11","7.8","","0.5","","4.2","","14.5","","-6.4","","86.0","","24.2","","107.8","","5","",,"",,""
"2001-12","2001","12","2.3","","-4.6","","-1.2","","14.6","","-23.3","","30.4","","73.8","","81.8","","22","",,"",,""
"2002-01","2002","01","-1.2","","-9.3","","-5.3","","5.3","","-20.4","","7.3","","65.2","","38.9","","5","",,"",,""
"2002-02","2002","02","-0.6","","-12.4","","-6.5","","5.7","","-25.0","","6.9","","82.1","","68.9","","19","",,"",,""
"2002-03","2002","03","-1.2","","-13.0","","-7.1","","7.8","","-24.6","","17.8","","162.8","","138.3","","12","",,"",,""
"2002-04","2002","04","6.9","","-2.3","","2.3","","27.2","","-12.7","","38.6","","19.4","","61.3","","0","",,"",,""
"2002-05","2002","05","12.9","","2.1","","7.5","","23.4","","-3.5","","93.1","","5.8","","99.3","","0","",,"",,""
"2002-06","2002","06","21.6","","9.6","","15.6","","30.7","","0.4","","83.0","","0.0","","83.0","","0","",,"",,""
"2002-07","2002","07","26.4","","13.4","","19.9","","32.4","","6.1","","67.2","","0.0","","67.2","","0","",,"",,""
"2002-08","2002","08","24.0","","12.3","","18.1","","28.7","","6.7","","90.9","","0.0","","90.9","","0","",,"",,""
"2002-09","2002","09","21.6","","10.8","","16.2","","31.8","","1.9","","73.2","","0.0","","73.2","","0","",,"",,""
"2002-10","2002","10","9.0","","0.6","","4.8","","25.5","","-7.0","","98.1","","9.0","","108.4","","0","T",,"",,""
"2002-11","2002","11","2.8","","-5.1","","-1.1","","12.1","","-15.8","","11.7","","39.2","","46.4","","2","",,"",,""
"2002-12","2002","12","-0.4","","-7.9","","-4.1","","6.6","","-20.3","","19.0","","84.2","","61.9","","2","",,"",,""
"2003-01","2003","01","-6.2","","-17.1","","-11.7","","4.8","","-33.3","","0.0","T","104.7","","71.7","","20","",,"",,""
"2003-02","2003","02","-8.0","","-20.4","","-14.2","","3.8","","-32.6","","0.0","T","87.9","","53.9","","36","",,"",,""
"2003-03","2003","03","-0.3","","-11.8","","-6.0","","11.7","","-34.4","","11.3","","48.8","","41.5","","2","",,"",,""
"2003-04","2003","04","7.0","","-4.1","","1.4","","16.9","","-21.5","","50.4","","20.6","","69.9","","0","",,"",,""
"2003-05","2003","05","16.8","","3.9","","10.4","","26.3","","-3.1","","45.7","","0.0","","45.7","","0","",,"",,""
"2003-06","2003","06","22.2","","7.0","","14.6","","31.1","","1.9","","54.8","","0.0","","54.8","","0","",,"",,""
"2003-07","2003","07","24.1","","11.8","","18.0","","29.5","","5.9","","122.0","","0.0","","122.0","","0","",,"",,""
"2003-08","2003","08","24.5","","12.5","","18.5","","29.9","","5.2","","105.4","","0.0","","105.4","","0","",,"",,""
"2003-09","2003","09","19.6","","9.1","","14.4","","27.1","","1.0","","112.1","","0.0","T","112.1","","0","",,"",,""
"2003-10","2003","10","11.2","","2.2","","6.8","","25.5","","-6.4","","69.6","","3.6","","73.2","","0","",,"",,""
"2003-11","2003","11","4.5","","-1.5","","1.5","","12.2","","-9.2","","101.8","","41.4","","139.1","","0","T",,"",,""
"2003-12","2003","12","0.6","","-7.0","","-3.2","","5.8","","-15.4","","28.7","","78.4","","87.7","","14","",,"",,""
"2004-01","2004","01","-9.5","","-19.4","","-14.5","","2.1","","-32.5","","0.0","T","128.3","","85.6","","52","",,"",,""
"2004-02","2004","02","-1.9","","-10.8","","-6.4","","8.9","","-27.9","","0.0","","74.1","","38.7","","40","",,"",,""
"2004-03","2004","03","1.7","","-7.8","","-3.1","","8.9","","-20.5","","31.2","","61.1","","91.1","","6","",,"",,""
"2004-04","2004","04","7.5","","-2.1","","2.8","","18.6","","-10.5","","60.1","","0.4","","60.5","","0","",,"",,""
"2004-05","2004","05","13.7","","3.1","","8.4","","27.4","","-3.5","","122.7","","0.0","","122.7","","0","",,"",,""
"2004-06","2004","06","19.6","","6.4","","13.0","","27.8","","0.4","","61.2","","0.0","","61.2","","0","",,"",,""
"2004-07","2004","07","23.1","","10.3","","16.7","","28.8","","4.3","","100.6","","0.0","","100.6","","0","",,"",,""
"2004-08","2004","08","21.1","","10.4","","15.8","","28.0","","4.4","","71.6","","0.0","","71.6","","0","",,"",,""
"2004-09","2004","09","22.6","","9.4","","16.0","","28.7","","0.2","","29.3","","0.0","","29.3","","0","",,"",,""
"2004-10","2004","10","12.6","","3.6","","8.1","","23.2","","-2.5","","154.9","","0.0","T","154.9","","0","",,"",,""
"2004-11","2004","11","6.2","","-1.1","","2.6","","11.0","","-9.5","","108.6","","13.2","","121.8","","0","T",,"",,""
"2004-12","2004","12","-2.6","","-12.8","","-7.7","","8.2","","-31.9","","21.1","","128.8","","149.9","","28","",,"",,""
"2005-01","2005","01","-6.6","","-17.1","","-11.8","","2.0","","-33.1","","3.8","","49.0","","52.8","","24","",,"",,""
"2005-02","2005","02","-2.1","","-11.4","","-6.8","","8.0","","-24.4","","2.7","","58.2","","31.9","","38","","10","E","52","E"
"2005-03","2005","03","0.6","","-12.6","","-6.0","","10.9","","-25.5","","4.8","","33.1","","20.2","","3","","27","I","57","I"
"2005-04","2005","04","12.1","","-0.8","","5.7","","26.0","","-5.0","","37.6","","9.3","","45.4","","0","","30","","57",""
"2005-05","2005","05","16.0","","3.2","","9.6","","25.5","","-4.3","","47.0","","1.0","","48.0","","0","","13","","57",""
"2005-06","2005","06","24.9","","11.7","","18.3","","31.5","","3.2","","66.9","","0.0","","66.9","","0","","22","","46",""
"2005-07","2005","07","27.0","","11.7","","19.4","","34.3","","4.4","S","50.2","","0.0","","50.2","","0","","30","","59",""
"2005-08","2005","08","24.4","","12.6","","18.5","","32.1","","6.1","","86.5","","0.0","","86.5","","0","","28","","56",""
"2005-09","2005","09","21.9","","10.0","","16.0","","30.3","","3.9","","81.5","","0.0","","81.5","","0","","21","","56",""
"2005-10","2005","10","14.2","","4.7","","9.5","","26.5","","-4.8","","104.6","","0.0","","104.6","","0","","30","","67",""
"2005-11","2005","11","4.8","","-2.0","","1.4","","12.8","","-16.0","","87.8","","59.9","","128.0","","1","","29","","106",""
"2005-12","2005","12","-2.6","","-9.0","","-5.8","","2.8","","-20.3","S","0.4","","68.4","","39.0","","12","","21","S","56","S"
"2006-01","2006","01","-1.0","","-7.5","","-4.3","","6.9","","-20.2","","4.2","","61.3","","50.3","","30","","28","","65",""
"2006-02","2006","02","-3.8","","-12.7","","-8.2","","3.0","","-22.2","","0.0","T","142.3","","78.4","","76","","32","","67",""
"2006-03","2006","03","2.6","","-7.6","","-2.5","","12.8","","-22.0","","9.0","","11.2","","18.7","","1","","31","","69",""
"2006-04","2006","04","12.4","","-0.4","","6.0","","22.5","","-6.2","","27.9","","11.4","","39.1","","0","","31","","70",""
"2006-05","2006","05","18.2","","6.3","","12.3","","32.3","","-3.2","","90.0","","0.0","","90.0","","0","","33","","67",""
"2006-06","2006","06","22.6","","8.8","","15.7","","31.0","","-0.2","","17.4","","0.0","","17.4","","0","","31","","46",""
"2006-07","2006","07","27.2","","13.2","","20.3","","32.9","S","8.2","","73.2","","0.0","","73.2","","0","","29","","78",""
"2006-08","2006","08","23.7","","11.3","","17.5","","28.1","","6.6","","72.1","","0.0","","72.1","","0","","30","","52",""
"2006-09","2006","09","18.8","","7.4","","13.1","","26.5","","1.7","","107.2","","0.0","","107.2","","0","","30","","50",""
"2006-10","2006","10","10.1","","1.7","","5.9","","22.3","","-3.3","","75.4","","17.5","","90.5","","0","","19","B","67","B"
"2006-11","2006","11","5.5","","-0.7","","2.4","","12.8","","-8.7","","46.4","","39.0","","75.5","","0","","27","S","56","S"
"2006-12","2006","12","1.2","","-5.5","","-2.1","","5.8","","-18.4","","47.3","","52.1","","78.1","","2","","22","E","59","E"
"2007-01","2007","01","-2.6","","-11.5","","-7.1","","6.8","","-25.4","","6.7","","95.1","","53.5","","41","","22","S","65","S"
"2007-02","2007","02","-6.6","","-17.6","","-12.1","","4.6","","-29.0","","2.8","","122.4","","67.4","","39","","28","S","65","S"
"2007-03","2007","03","2.0","","-8.3","","-3.1","","10.9","","-30.9","","40.5","","40.7","","66.6","","0","T","31","E","78","E"
"2007-04","2007","04","8.5","","-3.1","","2.7","","25.1","","-12.4","","27.6","","44.1","","60.6","","0","","21","","67",""
"2007-05","2007","05","19.5","","4.0","","11.8","","30.7","","-2.4","","37.9","","0.0","","37.9","","0","","13","B","48","B"
"2007-06","2007","06","24.2","","9.7","","16.9","","33.0","","-0.7","","63.5","","0.0","","63.5","","0","","20","","59",""
"2007-07","2007","07","24.9","","11.3","","18.1","","32.7","","5.1","","34.8","","0.0","","34.8","","0","","29","","65",""
"2007-08","2007","08","24.4","","12.1","","18.3","","34.0","","3.3","","39.3","","0.0","","39.3","","0","","31","E","67","E"
"2007-09","2007","09","20.2","","8.4","","14.3","","29.6","","-0.5","","130.9","","0.0","","130.9","","0","","29","","69",""
"2007-10","2007","10","14.6","","6.3","","10.5","","24.2","","-2.9","","143.1","","0.3","","143.4","","0","","27","E","87","E"
"2007-11","2007","11","3.8","","-3.9","","0.0","","11.7","","-16.5","","45.9","","68.5","","88.7","","12","","27","","83",""
"2007-12","2007","12","-1.8","","-8.0","","-5.0","","5.4","","-21.0","","13.3","","83.1","","60.4","","23","","30","","63",""
"2008-01","2008","01","-2.8","","-10.3","","-6.6","","4.4","","-24.3","","31.0","","117.5","","94.0","","22","","30","","102",""
"2008-02","2008","02","-4.8","","-16.5","","-10.7","","3.8","","-29.0","","0.0","T","94.9","","73.8","","36","","30","E","82","E"
"2008-03","2008","03","-1.8","","-13.5","","-7.7","","4.1","","-27.5","","47.7","","45.1","","86.5","","28","","14","E","70","E"
"2008-04","2008","04","10.2","","-0.4","","4.9","","21.4","","-13.1","","75.3","","29.9","","96.4","","0","","9","E","65","E"
"2008-05","2008","05","13.3","","2.0","","7.7","","20.6","","-3.6","","70.6","","0.0","T","70.6","","0","","31","S","46","S"
"2008-06","2008","06","20.4","","9.5","","14.9","","27.8","","5.1","","62.7","","0.0","","62.7","","0","","12","E","52","E"
"2008-07","2008","07","23.1","","11.9","","17.5","","28.3","","4.6","","80.3","","0.0","","80.3","","0","","21","B","41","B"
"2008-08","2008","08","24.2","","11.4","","17.8","","29.7","","4.7","","52.0","","0.0","","52.0","","0","","30","","48",""
"2008-09","2008","09","19.2","","8.0","","13.7","","30.1","","2.8","","100.6","","0.0","","100.6","","0","","32","S","46","S"
"2008-10","2008","10","11.8","","2.6","","7.3","","25.2","","-5.5","","61.0","","3.4","","64.0","","0","","29","S","56","S"
"2008-11","2008","11","4.4","","-1.5","","1.4","","20.1","","-10.1","","39.9","","104.9","","102.1","","20","","33","E","56","E"
"2008-12","2008","12","-4.1","","-12.5","","-8.3","","7.0","","-23.7","","41.1","","149.1","","140.8","","33","","31","I","83","I"
"2009-01","2009","01","-7.6","","-18.9","","-13.3","","-1.9","","-30.9","","1.6","","63.7","","37.2","","51","","28","","65",""
"2009-02","2009","02","-3.5","","-13.8","","-8.7","","6.4","","-29.6","","10.6","","56.0","","51.7","","55","","31","E","54","E"
"2009-03","2009","03","1.0","","-8.8","","-4.0","","9.4","","-29.3","","9.6","","40.7","","40.5","","4","","29","","98",""
"2009-04","2009","04","8.9","","-1.3","","3.8","","21.9","","-7.8","","32.7","","5.2","","37.9","","0","","12","","70",""
"2009-05","2009","05","14.9","","1.7","","8.4","","26.2","","-3.5","","88.0","","1.8","","89.8","","0","","28","","93",""
"2009-06","2009","06","20.7","","8.1","","14.4","","30.7","","0.2","","70.4","","0.0","","70.4","","0","","11","","46",""
"2009-07","2009","07","20.5","","10.3","","15.4","","26.3","","4.2","","46.6","","0.0","","46.6","","0","","31","E","44","E"
"2009-08","2009","08","22.0","","11.1","","16.6","","29.7","","3.3","","110.5","","0.0","","110.5","","0","","22","","46",""
"2009-09","2009","09","21.4","","8.7","","15.1","","26.5","","0.9","","23.0","","0.0","","23.0","","0","","30","","41",""
"2009-10","2009","10","9.4","","2.0","","5.7","","16.4","","-5.0","","160.2","","7.0","","167.2","","0","","24","","83",""
"2009-11","2009","11","7.7","E","0.3","E","4.0","E","12.4","B","-7.2","E","37.0","I","6.2","I","42.8","I","0","T","30","I","59","I"
"2009-12","2009","12","-2.2","","-10.0","","-6.1","","6.1","","-20.5","","7.2","","71.6","","59.0","","13","","10","I","57","I"
"2010-01","2010","01","-4.2","","-12.1","","-8.2","","3.7","","-25.2","","8.0","","44.3","","30.9","","20","","12","E","59","E"
"2010-02","2010","02","-2.3","","-11.0","","-6.7","","2.9","","-21.0","","0.2","","19.2","","12.4","","12","","29","","43",""
"2010-03","2010","03","7.8","","-4.8","","1.5","","18.1","","-15.3","","5.0","","0.4","","5.2","","0","","33","E","67","E"
"2010-04","2010","04","13.9","","0.2","","7.1","","26.9","","-5.8","","25.5","","17.0","","41.1","","0","","31","E","59","E"
"2010-05","2010","05","19.8","","6.5","","13.2","","31.6","","-1.2","","29.4","","1.2","","30.2","","0","","11","E","63","E"
"2010-06","2010","06","20.7","","10.0","","15.4","","27.2","","3.2","","157.7","","0.0","","157.7","","0","","30","B","44","B"
"2010-07","2010","07","25.8","","13.7","","19.8","","31.0","","8.7","","32.8","","0.0","","32.8","","0","","32","E","54","E"
"2010-08","2010","08","24.9","","14.0","","19.5","","31.0","","5.6","","107.0","","0.0","","107.0","","0","","29","E","63","E"
"2010-09","2010","09","17.1","","7.6","","12.4","","23.3","","1.7","","241.5","","0.0","","241.5","","0","","27","E","89","E"
"2010-10","2010","10","12.7","","2.9","","7.8","","21.3","","-3.4","","74.4","","4.8","","79.0","","0","","23","E","93","E"
"2010-11","2010","11","6.3","","-2.1","","2.1","","12.0","","-11.3","","47.2","","27.9","","71.2","","0","T","26","S","65","S"
"2010-12","2010","12","-3.1","","-10.9","","-7.0","","6.4","","-20.3","","5.6","","71.3","","40.5","","10","","29","E","52","E"
"2011-01","2011","01","-6.9","","-17.4","","-12.2","","7.0","","-35.2","","0.4","","54.0","","35.4","","39","","22","","59",""
"2011-02","2011","02","","","","","","","","","","","","","","","","","","",,"",,""
"2011-03","2011","03","","","","","","","","","","","","","","","","","","",,"",,""
"2011-04","2011","04","8.0","","-1.7","","3.2","","17.6","","-7.0","","108.4","","18.7","","122.3","","0","","29","B","59","B"
"2011-05","2011","05","17.0","","4.9","","10.9","","28.3","","-2.3","","64.6","","0.0","","64.6","","0","","15","E","102","E"
"2011-06","2011","06","21.1","","8.4","","14.8","","28.9","","1.9","","97.3","","0.0","","97.3","","0","","31","B","46","B"
"2011-07","2011","07","","","","","","","","","","","","","","","","","","",,"",,""
"2011-08","2011","08","","","","","","","","","","","","","","","","","","",,"",,""
"2011-09","2011","09","","","","","","","","","","","","","","","","","","",,"",,""
"2011-10","2011","10","14.3","","4.3","","9.4","","25.9","","-3.2","","112.4","","0.0","T","112.4","","0","","30","","87",""
"2011-11","2011","11","6.9","","0.4","","3.7","","14.5","","-4.6","","86.6","","14.8","","99.2","","0","","28","","63",""
"2011-12","2011","12","0.7","","-6.8","","-3.1","","6.3","","-20.1","","29.8","","20.5","","44.6","","2","","27","B","61","B"
"2012-01","2012","01","-1.7","","-11.0","","-6.4","","5.1","","-26.5","","13.8","","99.1","","80.3","","16","","30","","76",""
"2012-02","2012","02","0.2","","-7.1","","-3.5","","4.8","","-19.9","","0.0","T","34.7","","25.0","","12","","31","","69",""
"2012-03","2012","03","7.2","I","-5.2","I","1.0","I","24.2","I","-27.7","I","26.2","I","32.0","I","48.1","I","","","31","I","74","I"
